name,position,height,careerAST,careerFG,careerFG3,careerFT,careerG,careerPER,careerPTS,careerTRB,careerWS,careereFG,salary,Center,Point Guard,Power Forward,Shooting Guard,Small Forward,Salary_lvl
Alex Abrines,Shooting Guard,78,0.5,38.7,36.8,88.0,174,8.8,5.3,1.4,5.0,52.5,6068422.8,0,0,0,1,0,2
Quincy Acy,Power Forward,79,0.6,44.4,35.0,75.9,337,11.2,4.9,3.5,8.7,51.3,1285795.3,0,0,1,0,0,0
Jordan Adams,Shooting Guard,77,0.6,40.2,38.5,60.7,32,13.1,3.2,0.9,0.4,45.7,1482217.3,0,0,0,1,0,0
Steven Adams,Center,84,1.0,58.8,0.0,55.3,467,16.7,9.7,7.4,38.7,58.8,6658489.3,1,0,0,0,0,2
Bam Adebayo,Center,82,1.9,55.0,13.6,72.8,151,17.0,8.0,6.5,11.0,55.1,2551186.5,1,0,0,0,0,1
Jeff Adrien,Power Forward,79,0.7,47.4,0.0,62.8,153,15.0,4.6,4.3,4.4,47.4,1014057.0,0,0,1,0,0,0
Arron Afflalo,Shooting Guard,77,1.8,45.0,38.6,82.5,762,11.9,10.8,2.9,33.5,51.4,6783388.7,0,0,0,1,0,2
Alexis Ajinca,Power Forward,86,0.5,50.3,28.6,79.7,293,14.9,5.3,3.9,7.5,50.7,3872999.0,0,0,1,0,0,1
Furkan Aldemir,Power Forward,82,0.7,51.3,0.0,48.1,41,12.0,2.3,4.3,1.4,51.3,3180227.9,0,0,1,0,0,1
LaMarcus Aldridge,Power Forward,83,2.0,49.1,28.3,81.0,950,20.9,19.6,8.4,107.0,49.5,19275470.9,0,0,1,0,0,3
Jarrett Allen,Center,83,1.0,59.0,18.3,73.2,152,18.1,9.6,7.0,11.9,59.5,1755577.2,1,0,0,0,0,1
Lavoy Allen,Power Forward,81,1.0,47.1,13.3,68.2,388,12.5,4.8,4.8,13.8,47.2,3102269.8,0,0,1,0,0,1
Ray Allen,Shooting Guard,77,3.4,45.2,40.0,89.4,1300,18.6,18.9,4.1,145.1,53.0,3480629.7,0,0,0,1,0,1
Tony Allen,Shooting Guard,76,1.3,47.5,28.2,70.9,820,14.2,8.1,3.5,38.7,48.7,4542531.8,0,0,0,1,0,2
Al-Farouq Aminu,Power Forward,81,1.2,42.3,33.7,74.7,670,12.4,7.7,6.1,27.4,48.2,5701753.3,0,0,1,0,0,2
Lou Amundson,Power Forward,81,0.4,47.4,0.0,44.4,428,12.0,3.7,3.6,6.9,47.4,1268504.8,0,0,1,0,0,0
Chris Andersen,Power Forward,82,0.5,53.2,22.1,65.4,695,16.7,5.4,5.0,39.7,53.5,3532622.4,0,0,1,0,0,1
Alan Anderson,Shooting Guard,78,1.1,40.5,34.4,81.6,330,10.3,7.3,2.2,7.4,48.4,1997339.6,0,0,0,1,0,1
James Anderson,Small Forward,78,1.2,41.1,32.1,75.5,247,9.9,5.8,2.3,3.3,48.8,1031629.2,0,0,0,0,1,0
Justin Anderson,Small Forward,78,0.7,41.9,30.2,77.8,216,12.9,5.3,2.6,4.7,49.0,1579114.8,0,0,0,0,1,0
Kyle Anderson,Small Forward,81,1.9,49.2,32.4,70.6,300,13.5,5.3,3.9,15.4,51.4,1455590.6,0,0,0,0,1,0
Ryan Anderson,Power Forward,82,0.9,42.2,38.0,85.4,647,16.5,12.4,5.3,46.7,52.3,13325321.2,0,0,1,0,0,3
Giannis Antetokounmpo,Point Guard,83,4.1,52.1,27.7,74.2,465,21.9,18.8,8.3,53.2,53.9,6428797.4,0,1,0,0,0,2
Carmelo Anthony,Small Forward,80,3.0,44.9,34.7,81.1,1064,20.3,24.0,6.5,101.0,48.2,24957881.9,0,0,0,0,1,3
Pero Antic,Center,83,0.9,39.2,31.4,73.0,113,10.6,6.3,3.5,3.0,48.3,1325880.9,1,0,0,0,0,0
OG Anunoby,Small Forward,80,0.7,46.1,35.1,60.5,141,9.9,6.4,2.7,5.0,55.5,1685383.6,0,0,0,0,1,0
Keith Appling,Point Guard,73,0.2,25.0,0.0,100.0,5,-4.8,1.2,0.2,-0.1,25.0,171393.1,0,1,0,0,0,0
Trevor Ariza,Small Forward,80,2.2,42.2,35.1,72.8,1011,13.3,10.7,4.8,60.0,50.2,8375897.0,0,0,0,0,1,2
Darrell Arthur,Small Forward,81,0.8,44.4,35.2,76.5,503,12.2,6.5,3.5,12.3,47.0,5244483.4,0,0,0,0,1,2
Omer Asik,Center,84,0.6,52.8,0.0,55.1,471,13.4,5.3,7.1,20.9,52.8,10156186.7,1,0,0,0,0,3
D.J. Augustin,Point Guard,72,4.0,41.3,38.1,86.3,807,14.2,9.8,1.9,41.9,49.7,4547710.4,0,1,0,0,0,2
Gustavo Ayon,Center,82,1.3,53.6,0.0,50.4,135,14.7,4.7,4.4,5.1,53.6,1616867.1,1,0,0,0,0,0
Jeff Ayres,Center,81,0.4,55.3,40.0,77.6,237,12.4,2.9,2.7,6.3,55.5,1387399.8,1,0,0,0,0,0
Luke Babbitt,Small Forward,81,0.6,40.8,40.2,74.7,381,10.1,4.8,2.2,7.2,53.2,1378039.2,0,0,0,0,1,0
Dwayne Bacon,Shooting Guard,79,0.9,43.2,37.7,76.1,96,8.8,5.1,2.2,1.1,48.7,835536.2,0,0,0,1,0,0
Cameron Bairstow,Center,81,0.2,29.6,20.0,84.6,36,5.0,1.2,1.0,-0.1,30.6,716714.6,1,0,0,0,0,0
Ron Baker,Shooting Guard,76,1.8,35.8,26.5,70.7,96,7.4,3.1,1.4,0.2,41.7,2501158.1,0,0,0,1,0,1
Lonzo Ball,Point Guard,78,6.4,38.0,31.5,43.7,99,12.2,10.0,6.2,3.5,46.1,6440107.8,0,1,0,0,0,2
Leandro Barbosa,Point Guard,75,2.1,45.9,38.7,82.1,850,15.1,10.6,2.0,37.4,52.6,2220561.3,0,1,0,0,0,1
J.J. Barea,Point Guard,72,3.9,42.4,35.1,79.2,802,14.5,9.0,2.1,23.1,48.5,3793093.3,0,1,0,0,0,1
Andrea Bargnani,Power Forward,84,1.2,43.9,35.4,82.4,550,14.4,14.3,4.6,18.9,48.6,6606118.7,0,0,1,0,0,2
Harrison Barnes,Power Forward,80,1.5,44.6,37.4,79.5,540,13.3,13.6,4.9,29.7,50.0,11461316.2,0,0,1,0,0,3
Matt Barnes,Small Forward,79,1.8,43.6,33.5,74.5,929,12.7,8.2,4.6,42.8,51.3,3308954.8,0,0,0,0,1,1
Earl Barron,Center,84,0.5,37.1,16.7,70.2,140,8.6,4.6,3.5,-0.6,37.3,114212.4,1,0,0,0,0,0
Will Barton,Shooting Guard,78,2.4,43.1,34.1,78.8,438,14.4,10.5,3.9,16.4,48.9,2533801.2,0,0,0,1,0,1
Brandon Bass,Power Forward,80,0.8,49.9,20.7,83.2,758,15.3,8.7,4.5,42.8,50.0,4768288.5,0,0,1,0,0,2
Shane Battier,Small Forward,80,1.8,43.7,38.4,74.3,977,12.6,8.6,4.2,75.7,52.9,3524770.2,0,0,0,0,1,1
Nicolas Batum,Small Forward,80,3.8,43.5,35.8,84.1,767,14.9,11.8,5.3,54.1,51.9,16487126.8,0,0,0,0,1,3
Jerryd Bayless,Point Guard,75,2.9,41.1,36.1,81.8,586,12.2,8.4,2.1,18.6,47.1,5763893.2,0,1,0,0,0,2
Aron Baynes,Center,82,0.7,49.8,28.1,80.8,427,14.0,5.4,4.4,17.0,50.5,4234830.3,1,0,0,0,0,1
Kent Bazemore,Small Forward,77,1.9,41.9,35.2,71.9,483,12.2,8.7,3.1,11.0,48.9,7774324.3,0,0,0,0,1,2
Bradley Beal,Shooting Guard,77,3.7,45.2,38.4,79.8,488,17.1,19.8,3.9,36.4,51.9,12592723.3,0,0,0,1,0,3
Malik Beasley,Shooting Guard,77,0.8,46.1,38.8,78.9,165,13.0,7.2,1.7,5.0,56.2,1722379.5,0,0,0,1,0,0
Michael Beasley,Power Forward,81,1.3,46.5,34.9,75.9,609,15.6,12.4,4.7,15.6,48.7,1428416.8,0,0,1,0,0,0
Marco Belinelli,Shooting Guard,77,1.7,42.5,37.6,84.7,803,12.3,10.0,2.1,29.6,51.2,4433964.9,0,0,0,1,0,2
Jordan Bell,Center,81,1.4,57.0,0.0,64.7,125,15.5,3.9,3.1,4.5,57.0,835536.2,1,0,0,0,0,0
DeAndre' Bembry,Shooting Guard,78,1.9,44.5,28.1,60.5,146,10.0,6.3,3.3,0.8,48.2,1587300.2,0,0,0,1,0,0
Dragan Bender,Power Forward,85,1.2,39.4,32.1,64.7,171,7.4,5.3,3.8,0.2,49.4,4526021.7,0,0,1,0,0,2
Anthony Bennett,Power Forward,80,0.5,39.2,26.1,67.0,151,10.2,4.4,3.1,0.5,42.0,3514804.0,0,0,1,0,0,1
Davis Bertans,Power Forward,82,1.0,44.4,40.4,84.6,220,13.3,6.2,2.3,9.3,59.1,956638.5,0,0,1,0,0,0
Patrick Beverley,Point Guard,73,3.5,41.2,38.0,77.0,380,12.5,9.0,4.3,24.8,51.7,4126643.2,0,1,0,0,0,1
Andris Biedrins,Center,83,0.9,59.4,0.0,50.0,516,15.3,6.3,7.0,30.7,59.4,9701202.4,1,0,0,0,0,3
Chauncey Billups,Point Guard,75,5.4,41.5,38.7,89.4,1043,18.8,15.2,2.9,120.8,49.5,2694778.4,0,1,0,0,0,1
Khem Birch,Center,81,0.8,57.4,0.0,69.4,92,17.9,4.5,4.0,4.6,57.4,444285.7,1,0,0,0,0,0
Bismack Biyombo,Center,81,0.5,51.7,0.0,57.1,583,12.8,4.9,6.3,22.9,51.7,9155173.0,1,0,0,0,0,3
Nemanja Bjelica,Power Forward,82,1.5,46.0,38.1,75.5,269,12.9,7.1,4.4,10.7,55.1,4086670.2,0,0,1,0,0,1
Tarik Black,Center,81,0.5,55.0,14.3,58.2,220,14.4,4.9,4.7,7.7,55.1,2820278.0,1,0,0,0,0,1
DeJuan Blair,Center,79,0.8,52.4,0.0,60.8,424,16.5,6.8,5.1,19.0,52.4,1754021.2,1,0,0,0,0,1
Steve Blake,Point Guard,75,4.0,40.1,38.3,77.9,870,11.1,6.5,2.1,29.1,50.1,2938074.1,0,1,0,0,0,1
Andray Blatche,Center,83,1.4,46.7,23.7,72.5,564,16.8,10.1,5.4,19.2,47.2,5234184.4,1,0,0,0,0,2
Eric Bledsoe,Point Guard,73,4.8,45.5,33.6,79.4,570,18.1,14.1,3.9,37.0,50.3,11822122.6,0,1,0,0,0,3
Keith Bogans,Small Forward,77,1.3,39.4,35.3,71.6,671,9.6,6.3,2.7,20.4,48.9,5452289.2,0,0,0,0,1,2
Bogdan Bogdanovic,Shooting Guard,78,3.5,43.1,37.5,83.3,148,13.8,12.9,3.1,5.6,51.2,9701931.6,0,0,0,1,0,3
Bojan Bogdanovic,Small Forward,80,1.4,46.3,38.9,84.6,399,13.4,13.3,3.4,18.4,54.7,5441447.0,0,0,0,0,1,2
Andrew Bogut,Power Forward,84,2.2,53.5,12.0,55.7,706,16.4,9.6,8.7,50.6,53.5,9081195.7,0,0,1,0,0,3
Matt Bonner,Power Forward,82,0.7,46.4,41.4,78.0,792,13.6,5.8,3.0,38.5,57.0,2459030.0,0,0,1,0,0,1
Devin Booker,Shooting Guard,78,4.2,43.7,35.4,85.4,272,16.1,21.4,3.5,9.8,49.4,2318927.5,0,0,0,1,0,1
Trevor Booker,Power Forward,80,1.1,51.5,30.5,63.6,532,15.0,6.9,5.5,26.2,52.8,5308817.3,0,0,1,0,0,2
Carlos Boozer,Center,81,2.2,52.1,7.1,72.2,861,19.5,16.2,9.5,80.3,52.1,11437294.6,1,0,0,0,0,3
Chris Bosh,Power Forward,83,2.0,49.4,33.5,79.9,893,20.6,19.2,8.5,106.0,50.6,23341768.8,0,0,1,0,0,3
Avery Bradley,Point Guard,74,1.8,43.6,36.4,77.8,522,11.2,12.0,3.0,14.6,49.4,7240159.0,0,1,0,0,0,2
Tony Bradley,Center,82,0.2,40.7,0.0,75.0,12,15.1,2.1,2.2,0.1,40.7,1449479.1,1,0,0,0,0,0
Elton Brand,Power Forward,80,2.1,50.0,9.5,73.6,1058,20.5,15.9,8.5,109.6,50.1,2105736.5,0,0,1,0,0,1
Corey Brewer,Shooting Guard,81,1.5,42.5,28.4,71.3,814,11.8,8.7,2.8,22.5,46.5,5645678.1,0,0,0,1,0,2
Ronnie Brewer,Shooting Guard,79,1.6,49.0,25.4,67.5,502,14.4,7.8,2.8,30.4,50.5,1278897.7,0,0,0,1,0,0
Malcolm Brogdon,Shooting Guard,77,3.6,48.4,40.8,89.5,187,15.7,12.8,3.5,13.4,54.8,1156225.6,0,0,0,1,0,0
Aaron Brooks,Point Guard,72,3.0,41.3,37.0,83.7,645,13.3,9.7,1.7,19.2,48.8,2072441.3,0,1,0,0,0,1
Dillon Brooks,Small Forward,78,1.5,43.5,35.9,74.5,100,9.6,10.3,2.9,1.2,49.6,835536.2,0,0,0,0,1,0
MarShon Brooks,Shooting Guard,77,1.4,44.7,34.5,75.1,200,13.9,8.0,2.1,3.3,48.7,822478.3,0,0,0,1,0,0
Bobby Brown,Point Guard,74,1.5,37.9,31.7,80.6,158,8.9,4.4,0.7,-1.2,44.6,1118867.9,0,1,0,0,0,0
Jabari Brown,Shooting Guard,76,2.1,41.2,37.1,75.3,19,11.0,11.9,1.9,0.4,47.9,47482.4,0,0,0,1,0,0
Jaylen Brown,Small Forward,79,1.3,46.2,36.5,65.8,222,12.8,11.2,4.0,9.0,52.7,5019949.1,0,0,0,0,1,2
Kwame Brown,Center,83,0.9,49.2,11.1,57.0,607,12.5,6.6,5.5,20.8,49.2,3175420.2,1,0,0,0,0,1
Shannon Brown,Shooting Guard,76,1.1,42.0,33.2,80.7,408,12.4,7.6,1.9,9.2,46.8,3772689.8,0,0,0,1,0,1
Sterling Brown,Shooting Guard,78,1.0,43.9,35.7,75.8,112,10.1,5.3,2.9,2.8,52.1,835536.2,0,0,0,1,0,0
Nicolas Brussino,Small Forward,79,0.8,36.4,29.9,77.3,58,10.5,2.6,1.7,0.6,46.5,747982.7,0,0,0,0,1,0
Kobe Bryant,Shooting Guard,78,4.7,44.7,32.9,83.7,1346,22.9,25.0,5.2,172.7,48.2,28079748.3,0,0,0,1,0,3
Thomas Bryant,Center,83,1.1,60.6,31.2,76.7,87,20.5,9.0,5.4,5.6,63.9,835536.2,1,0,0,0,0,0
Chase Budinger,Small Forward,79,1.2,43.0,35.2,79.7,407,13.0,7.9,3.0,13.9,50.4,4065935.2,0,0,0,0,1,1
Reggie Bullock,Shooting Guard,79,1.1,43.4,39.2,82.8,272,11.2,6.8,2.1,9.7,55.0,1752010.0,0,0,0,1,0,1
Trey Burke,Point Guard,73,3.6,40.8,34.0,80.0,361,14.0,10.9,2.1,10.2,46.8,2498967.7,0,1,0,0,0,1
Alec Burks,Shooting Guard,78,1.7,42.3,35.5,77.1,429,13.6,9.5,3.0,13.0,46.6,7417569.7,0,0,0,1,0,2
Caron Butler,Small Forward,79,2.3,43.4,34.8,84.7,881,15.0,14.1,5.0,50.9,46.9,3211153.1,0,0,0,0,1,1
Jimmy Butler,Shooting Guard,80,3.5,45.4,34.1,83.5,523,20.0,16.7,4.9,66.1,49.1,11526781.6,0,0,0,1,0,3
Rasual Butler,Shooting Guard,79,0.8,40.3,36.2,74.7,809,10.6,7.5,2.4,20.8,48.3,1562364.9,0,0,0,1,0,0
Dwight Buycks,Point Guard,75,1.7,40.2,37.0,88.3,49,11.7,6.3,1.6,0.3,44.9,408688.6,0,1,0,0,0,0
Andrew Bynum,Center,84,1.2,55.6,11.1,69.0,418,19.6,11.5,7.7,37.4,55.6,6467468.2,1,0,0,0,0,2
Will Bynum,Shooting Guard,72,3.3,44.2,27.2,79.9,360,14.6,8.1,1.6,7.0,45.8,2084632.6,0,0,0,1,0,1
Bruno Caboclo,Small Forward,81,0.9,39.2,34.4,83.9,69,10.8,4.9,2.8,1.1,48.6,1833935.3,0,0,0,0,1,1
Nick Calathes,Shooting Guard,78,2.7,44.1,28.8,58.1,129,12.3,4.6,1.9,2.6,46.8,866046.3,0,0,0,1,0,0
Jose Calderon,Shooting Guard,75,5.8,47.2,40.7,87.3,895,15.8,8.9,2.4,58.3,54.3,5445750.7,0,0,0,1,0,2
Kentavious Caldwell-Pope,Shooting Guard,77,1.6,41.2,34.5,79.9,470,12.1,11.9,3.3,23.8,49.3,6178400.9,0,0,0,1,0,2
Marcus Camby,Center,83,1.9,46.6,20.5,67.0,973,17.8,9.5,9.8,81.6,46.8,2306574.8,1,0,0,0,0,1
Isaiah Canaan,Shooting Guard,72,1.9,37.1,35.1,83.6,235,10.7,8.1,1.9,4.3,48.1,702312.3,0,0,0,1,0,0
Clint Capela,Center,82,0.9,63.5,0.0,52.5,295,22.2,12.0,9.2,31.4,63.5,1581428.9,1,0,0,0,0,0
DeMarre Carroll,Small Forward,80,1.3,43.0,36.0,74.3,554,13.4,9.1,4.3,29.3,50.9,9933657.1,0,0,0,0,1,3
Vince Carter,Small Forward,78,3.2,43.7,37.4,79.8,1481,18.8,17.2,4.4,125.5,49.0,4912998.7,0,0,0,0,1,2
Michael Carter-Williams,Point Guard,78,4.6,40.1,25.1,70.2,315,13.7,10.9,4.5,5.2,42.3,2690084.6,0,1,0,0,0,1
Omri Casspi,Small Forward,81,1.1,45.4,36.8,67.8,588,13.0,7.9,4.0,19.6,52.0,1686486.6,0,0,0,0,1,0
Willie Cauley-Stein,Center,84,1.6,53.4,22.2,61.1,295,17.0,10.1,6.4,17.4,53.5,3703442.6,1,0,0,0,0,1
Tyler Cavanaugh,Power Forward,81,0.6,43.2,35.1,82.6,50,12.4,3.8,2.7,1.2,53.4,747747.1,0,0,1,0,0,0
Mario Chalmers,Point Guard,74,3.7,41.7,35.1,79.3,646,12.7,8.9,2.5,32.3,49.8,3816985.8,0,1,0,0,0,1
Tyson Chandler,Center,85,0.8,59.6,0.0,64.5,1134,16.2,8.4,9.2,101.5,59.6,14152750.6,1,0,0,0,0,3
Wilson Chandler,Shooting Guard,81,1.8,44.4,34.3,76.8,641,13.0,12.9,5.3,28.3,50.2,9831828.1,0,0,0,1,0,3
Will Cherry,Point Guard,72,1.0,26.3,22.2,50.0,8,5.8,1.9,0.6,0.0,31.6,26517.6,0,1,0,0,0,0
Josh Childress,Shooting Guard,80,1.6,52.2,32.9,77.9,391,15.6,9.1,4.7,25.7,54.2,7761707.0,0,0,0,1,0,2
Marquese Chriss,Power Forward,82,0.8,42.9,29.6,62.8,197,11.4,7.6,4.5,2.3,48.5,3113177.2,0,0,1,0,0,1
Dionte Christmas,Small Forward,77,0.3,35.5,29.0,75.0,31,11.1,2.3,1.2,0.3,42.7,52312.4,0,0,0,0,1,0
Semaj Christon,Point Guard,75,2.0,34.5,19.0,54.8,64,5.7,2.9,1.4,0.1,37.2,568605.8,0,1,0,0,0,0
Earl Clark,Power Forward,82,0.5,40.3,32.8,66.4,261,10.2,4.4,3.0,2.9,43.9,2323736.3,0,0,1,0,0,1
Ian Clark,Shooting Guard,75,1.2,43.9,34.0,80.4,330,10.3,5.6,1.3,4.4,51.3,1109906.5,0,0,0,1,0,0
Jordan Clarkson,Shooting Guard,77,2.7,44.5,33.5,81.5,382,15.3,14.7,3.2,10.5,49.8,6589112.2,0,0,0,1,0,2
Victor Claver,Small Forward,81,0.7,39.8,29.3,58.5,80,7.5,3.2,2.2,0.2,46.6,1443393.8,0,0,0,0,1,0
Norris Cole,Point Guard,74,2.7,40.7,32.4,74.3,360,9.2,7.0,2.0,3.0,44.9,1714009.1,0,1,0,0,0,0
John Collins,Power Forward,82,1.6,56.6,34.6,74.3,135,20.1,14.6,8.4,11.4,59.2,1984228.8,0,0,1,0,0,1
Zach Collins,Center,84,0.9,44.1,32.1,72.0,143,10.9,5.6,3.8,3.6,49.6,3131912.4,1,0,0,0,0,1
Darren Collison,Point Guard,72,5.0,47.1,39.4,85.3,708,16.2,12.5,2.7,49.9,51.7,5632818.9,0,1,0,0,0,2
Nick Collison,Power Forward,82,1.0,53.4,20.8,72.3,910,13.2,5.9,5.2,44.5,53.6,3089422.5,0,0,1,0,0,1
Mike Conley,Point Guard,73,5.7,44.1,37.5,81.9,788,17.7,14.9,3.0,71.4,49.8,17042173.2,0,1,0,0,0,3
Pat Connaughton,Shooting Guard,76,1.2,43.9,34.9,79.6,216,11.0,4.6,2.3,6.8,53.3,992905.1,0,0,0,1,0,0
Chris Copeland,Small Forward,81,0.6,42.7,36.5,75.2,171,12.4,5.8,1.6,2.9,51.6,2574811.8,0,0,0,0,1,1
Bryce Cotton,Point Guard,73,0.8,41.8,30.4,83.3,23,12.0,3.8,0.8,0.1,46.2,131298.6,0,1,0,0,0,0
DeMarcus Cousins,Center,83,3.2,46.1,33.2,73.7,565,22.4,21.2,10.9,44.1,47.9,14336942.3,1,0,0,0,0,3
Robert Covington,Small Forward,81,1.6,40.2,36.0,81.3,326,13.5,12.7,5.5,17.8,51.4,4089575.7,0,0,0,0,1,1
Allen Crabbe,Shooting Guard,78,1.2,42.9,39.3,83.5,344,11.1,9.5,2.9,13.8,53.6,10269552.1,0,0,0,1,0,3
Jamal Crawford,Shooting Guard,77,3.4,41.0,34.8,86.2,1326,15.1,14.6,2.2,60.6,47.7,7822497.3,0,0,0,1,0,2
Jordan Crawford,Shooting Guard,76,3.1,41.1,31.7,82.6,281,14.1,12.2,2.5,6.3,46.4,964131.0,0,0,0,1,0,0
Jae Crowder,Small Forward,78,1.4,42.3,33.9,77.8,543,13.0,9.5,3.9,28.7,51.1,4343415.3,0,0,0,0,1,2
Dante Cunningham,Power Forward,80,0.7,46.9,34.5,64.9,715,11.1,5.8,3.7,24.9,49.8,2376560.1,0,0,1,0,0,1
Jared Cunningham,Shooting Guard,76,0.5,34.7,30.6,67.4,84,6.8,2.3,0.7,0.2,40.2,801130.7,0,0,0,1,0,0
Seth Curry,Shooting Guard,74,1.7,46.7,43.9,84.5,192,13.8,9.3,1.9,8.4,57.5,1459001.9,0,0,0,1,0,0
Stephen Curry,Point Guard,75,6.6,47.7,43.6,90.5,694,23.8,23.5,4.5,102.9,58.2,16436281.7,0,1,0,0,0,3
Samuel Dalembert,Center,83,0.5,52.1,8.3,70.6,886,15.4,7.7,7.8,51.3,52.1,3226477.4,1,0,0,0,0,1
Troy Daniels,Shooting Guard,76,0.6,40.2,40.0,81.6,292,10.6,7.0,1.3,4.5,54.9,2212122.9,0,0,0,1,0,1
Gigi Datome,Small Forward,80,0.4,41.4,31.6,81.8,55,11.3,3.4,1.4,0.3,48.1,1856233.3,0,0,0,0,1,1
Anthony Davis,Power Forward,82,2.1,51.7,31.4,79.5,466,27.4,23.7,10.5,72.0,52.8,13345824.3,0,0,1,0,0,3
Deyonta Davis,Center,83,0.4,59.9,0.0,63.5,107,15.4,4.2,3.2,3.6,59.9,1388612.6,1,0,0,0,0,0
Ed Davis,Center,82,0.8,56.9,0.0,58.4,640,16.7,6.5,6.8,41.3,56.9,5067806.8,1,0,0,0,0,2
Glen Davis,Power Forward,81,0.9,44.7,18.2,70.0,514,12.4,8.0,4.4,18.6,44.8,5067271.2,0,0,1,0,0,2
Austin Daye,Small Forward,83,0.7,40.2,35.1,77.8,293,11.6,5.2,2.6,4.5,46.9,760798.2,0,0,0,0,1,0
Nando De Colo,Shooting Guard,77,1.7,42.9,36.3,83.5,119,11.8,3.8,1.8,2.4,49.1,1576984.3,0,0,0,1,0,0
Dewayne Dedmon,Center,84,0.7,53.3,37.0,72.4,350,15.4,6.5,6.0,17.5,57.3,2762053.6,1,0,0,0,0,1
Bryce Dejean-Jones,Shooting Guard,78,1.1,40.6,37.5,52.4,14,9.6,5.6,3.4,0.2,49.3,298402.8,0,0,0,1,0,0
Sam Dekker,Power Forward,81,0.8,47.8,28.8,60.6,200,12.7,5.5,3.0,5.4,52.5,1794280.1,0,0,1,0,0,1
Malcolm Delaney,Point Guard,75,2.8,37.7,30.8,80.5,127,8.9,5.7,1.8,1.1,43.1,2588341.8,0,1,0,0,0,1
Carlos Delfino,Shooting Guard,78,1.7,40.1,36.5,75.8,507,12.6,8.1,3.6,22.5,49.4,1245449.7,0,0,0,1,0,0
Matthew Dellavedova,Point Guard,76,3.7,39.2,38.1,83.5,377,10.0,6.0,1.9,9.9,48.4,5493881.0,0,1,0,0,0,2
Luol Deng,Power Forward,81,2.3,45.6,33.2,76.9,902,15.4,14.8,6.1,74.0,48.5,14577758.9,0,0,1,0,0,3
DeMar DeRozan,Shooting Guard,79,3.4,45.1,28.3,82.8,752,17.9,19.9,4.3,60.3,46.5,17313332.6,0,0,0,1,0,3
Cheick Diallo,Power Forward,81,0.4,58.5,25.0,74.7,133,17.3,5.5,4.6,5.0,58.6,956638.5,0,0,1,0,0,0
Boris Diaw,Power Forward,80,3.5,49.3,33.6,71.7,1064,12.9,8.6,4.4,51.6,52.4,6941008.7,0,0,1,0,0,2
Gorgui Dieng,Center,83,1.4,50.5,33.2,79.0,452,16.1,8.0,6.2,24.4,51.7,4286772.9,1,0,0,0,0,1
Spencer Dinwiddie,Point Guard,78,4.5,40.8,32.3,80.1,253,14.7,11.0,2.6,13.5,48.0,989901.0,0,1,0,0,0,0
Joey Dorsey,Power Forward,80,0.4,53.4,0.0,37.5,130,12.1,2.6,3.9,2.9,53.4,1040753.0,0,0,1,0,0,0
Tyler Dorsey,Shooting Guard,77,1.3,38.9,35.0,66.9,104,10.5,6.7,2.3,1.0,47.8,835536.2,0,0,0,1,0,0
Damyean Dotson,Shooting Guard,78,1.4,42.1,36.1,73.6,117,10.9,8.2,3.0,2.1,50.8,1126867.2,0,0,0,1,0,0
Toney Douglas,Point Guard,74,2.3,40.4,35.4,82.4,394,13.2,7.6,2.2,12.1,48.6,902241.2,0,1,0,0,0,0
Chris Douglas-Roberts,Small Forward,79,1.1,43.9,32.9,83.1,222,11.5,7.1,2.1,5.4,47.1,970802.6,0,0,0,0,1,0
Goran Dragic,Point Guard,75,4.8,46.6,36.3,76.2,758,17.1,13.7,3.1,51.0,51.8,13147764.8,0,1,0,0,0,3
Zoran Dragic,Shooting Guard,77,0.3,36.7,21.4,60.0,16,8.2,1.8,0.5,-0.1,41.7,2126749.7,0,0,0,1,0,1
Larry Drew II,Point Guard,74,2.5,32.9,20.0,66.7,22,4.1,2.9,0.8,-0.5,37.2,97073.4,0,1,0,0,0,0
Andre Drummond,Center,83,1.2,54.3,14.7,44.8,542,22.1,14.1,13.7,56.4,54.4,11268193.1,1,0,0,0,0,3
Jared Dudley,Small Forward,79,1.6,46.5,39.2,73.2,847,12.7,7.7,3.3,42.1,54.9,6958048.1,0,0,0,0,1,2
Chris Duhon,Point Guard,73,4.4,39.3,36.3,78.4,606,10.8,6.5,2.3,25.0,48.8,1616867.1,0,1,0,0,0,0
Tim Duncan,Center,83,3.0,50.6,17.9,69.6,1392,24.2,19.0,10.8,206.4,50.7,6193691.7,1,0,0,0,0,2
Kris Dunn,Point Guard,76,4.4,41.7,32.3,72.3,176,11.8,8.6,3.3,1.6,45.0,4098610.0,0,1,0,0,0,1
Kevin Durant,Power Forward,81,4.1,49.3,38.1,88.3,849,25.2,27.0,7.1,141.7,54.2,22821179.8,0,0,1,0,0,3
Cleanthony Early,Small Forward,80,0.8,34.6,26.3,75.0,56,7.2,4.3,2.2,-0.6,39.8,716714.6,0,0,0,0,1,0
Jarell Eddie,Small Forward,79,0.1,30.2,29.2,94.1,34,10.1,2.6,0.9,0.2,41.3,184246.2,0,0,0,0,1,0
Henry Ellenson,Power Forward,83,0.6,37.7,35.3,77.4,76,10.8,4.3,2.5,0.3,45.4,1803614.4,0,0,1,0,0,1
Wayne Ellington,Shooting Guard,77,1.1,41.0,37.9,84.6,645,11.2,8.2,2.2,17.8,51.3,2650148.7,0,0,0,1,0,1
Monta Ellis,Shooting Guard,75,4.6,45.1,31.4,77.2,833,16.0,17.8,3.5,41.9,48.0,8394286.1,0,0,0,1,0,2
Joel Embiid,Center,84,3.2,48.1,31.5,78.8,158,24.5,24.3,11.4,16.8,51.4,5224266.4,1,0,0,0,0,2
James Ennis,Small Forward,79,0.9,45.7,35.7,79.3,278,11.5,6.5,3.2,11.7,53.6,1529366.5,0,0,0,0,1,0
Tyler Ennis,Point Guard,75,1.9,41.9,31.7,76.8,186,10.3,4.2,1.3,1.3,46.3,1706018.1,0,1,0,0,0,0
Jawun Evans,Point Guard,72,2.0,34.5,26.3,77.6,56,6.7,4.2,1.7,-0.4,37.3,835536.2,0,1,0,0,0,0
Jeremy Evans,Power Forward,81,0.4,56.9,23.1,68.7,250,17.3,3.5,2.6,8.2,57.3,1255979.0,0,0,1,0,0,0
Reggie Evans,Power Forward,80,0.6,46.5,9.1,52.8,809,11.7,4.1,7.1,27.1,46.6,1851881.4,0,0,1,0,0,1
Tyreke Evans,Small Forward,78,4.8,44.0,32.3,75.7,594,17.1,15.7,4.6,28.4,47.1,9787702.0,0,0,0,0,1,3
Dante Exum,Point Guard,78,2.3,40.0,30.4,77.0,204,8.1,5.9,1.8,2.7,46.8,4268405.0,0,1,0,0,0,1
Kenneth Faried,Center,80,1.0,54.6,22.2,65.4,478,19.7,11.4,8.1,38.8,54.8,8327731.6,1,0,0,0,0,2
Jordan Farmar,Point Guard,74,2.9,42.3,37.4,73.9,504,13.3,7.7,1.9,13.9,50.7,790645.5,0,1,0,0,0,0
Vitor Faverani,Center,83,0.4,43.5,30.0,64.9,37,11.0,4.4,3.5,0.3,47.6,2216872.9,1,0,0,0,0,1
Derrick Favors,Center,82,1.1,52.5,21.0,66.4,632,18.9,11.6,7.2,49.5,52.8,11317112.3,1,0,0,0,0,3
Cristiano Felicio,Center,82,0.7,56.8,0.0,67.0,212,14.2,4.6,4.1,7.7,56.8,3168822.5,1,0,0,0,0,1
Carrick Felix,Shooting Guard,78,0.6,50.0,40.0,75.0,7,13.3,2.7,0.9,0.0,57.1,505194.9,0,0,0,1,0,0
Raymond Felton,Point Guard,73,5.2,41.2,32.9,79.0,971,13.8,11.2,3.0,40.2,45.9,3052064.0,0,1,0,0,0,1
Terrance Ferguson,Shooting Guard,79,0.7,42.5,35.6,75.4,135,6.7,5.2,1.4,4.0,54.7,1828598.2,0,0,0,1,0,1
Yogi Ferrell,Shooting Guard,72,2.6,42.3,37.4,83.4,199,12.2,8.6,2.4,6.8,50.9,602394.4,0,0,0,1,0,0
Landry Fields,Shooting Guard,79,1.6,47.3,33.2,66.6,255,12.1,6.8,4.3,10.5,51.5,6683175.4,0,0,0,1,0,2
Dorian Finney-Smith,Small Forward,80,1.0,40.5,30.3,72.6,183,9.3,5.9,3.7,4.8,48.4,956638.5,0,0,0,0,1,0
Derek Fisher,Point Guard,73,3.0,39.9,37.4,81.7,1287,11.7,8.3,2.1,62.3,46.6,1508544.5,0,1,0,0,0,0
Bryn Forbes,Shooting Guard,75,1.4,43.7,40.6,78.2,198,10.5,8.2,1.9,6.0,53.9,956638.5,0,0,0,1,0,0
Evan Fournier,Small Forward,79,2.5,44.6,37.1,80.5,457,13.3,13.5,2.8,19.4,52.2,8146649.5,0,0,0,0,1,2
De'Aaron Fox,Point Guard,75,5.9,43.9,34.5,72.5,154,15.1,14.6,3.3,5.0,47.4,4721778.7,0,1,0,0,0,2
Randy Foye,Point Guard,76,2.8,40.1,36.6,85.2,752,12.0,10.3,2.2,23.5,48.2,3159764.4,0,1,0,0,0,1
Jamaal Franklin,Shooting Guard,77,0.4,41.5,46.2,100.0,24,4.7,1.8,1.0,0.0,48.8,141093.6,0,0,0,1,0,0
Tim Frazier,Point Guard,73,4.1,41.2,32.9,73.1,245,12.0,5.2,2.4,6.6,46.3,900109.1,0,1,0,0,0,0
Jimmer Fredette,Shooting Guard,74,1.4,40.9,37.2,87.9,241,12.5,6.0,1.0,2.2,48.4,858979.5,0,0,0,1,0,0
Joel Freeland,Power Forward,82,0.4,45.9,0.0,72.8,151,11.1,3.2,3.4,3.2,45.9,3160103.9,0,0,1,0,0,1
Channing Frye,Center,84,1.0,44.0,38.8,82.2,890,13.3,8.7,4.5,38.9,51.9,7922463.2,1,0,0,0,0,2
Markelle Fultz,Shooting Guard,76,3.4,41.4,26.7,53.4,33,11.2,7.7,3.4,0.5,42.1,7197854.3,0,0,0,1,0,2
Danilo Gallinari,Small Forward,82,2.0,42.5,37.6,87.1,549,16.9,15.9,4.9,50.4,50.9,14818268.5,0,0,0,0,1,3
Langston Galloway,Shooting Guard,74,1.7,38.7,35.9,79.9,339,11.4,8.2,2.6,10.7,47.9,3353840.3,0,0,0,1,0,1
Francisco Garcia,Small Forward,79,1.4,42.7,35.7,79.9,549,12.3,7.9,2.6,18.2,50.7,1380678.3,0,0,0,0,1,0
Kevin Garnett,Small Forward,83,3.7,49.7,27.5,78.9,1462,22.7,17.8,10.0,191.4,50.1,10879247.8,0,0,0,0,1,3
Diante Garrett,Point Guard,76,1.7,37.3,35.1,68.2,90,7.3,3.2,1.2,-1.0,43.5,970802.6,0,1,0,0,0,0
Marc Gasol,Center,85,3.4,48.3,35.0,77.7,795,18.5,15.0,7.7,79.5,50.1,19804001.1,1,0,0,0,0,3
Pau Gasol,Center,84,3.2,50.7,36.8,75.3,1226,21.4,17.0,9.2,144.1,51.3,13769671.8,1,0,0,0,0,3
Rudy Gay,Power Forward,80,2.2,45.6,34.8,79.6,879,16.8,17.6,5.9,54.9,49.1,15094877.5,0,0,1,0,0,3
Michael Gbinije,Shooting Guard,79,0.2,10.0,0.0,100.0,9,-2.1,0.4,0.3,-0.1,10.0,596137.0,0,0,0,1,0,0
Alonzo Gee,Small Forward,78,1.1,43.4,32.5,75.4,417,10.7,6.6,3.3,9.7,47.4,1614153.4,0,0,0,0,1,0
Paul George,Small Forward,81,3.3,43.3,37.8,84.4,604,19.2,19.8,6.4,65.2,50.9,15543003.1,0,0,0,0,1,3
Marcus Georges-Hunt,Shooting Guard,77,0.2,41.8,29.4,71.0,47,7.5,1.6,0.5,0.3,46.4,359430.6,0,0,0,1,0,0
Jonathan Gibson,Point Guard,74,1.4,41.5,36.8,72.4,21,11.8,6.7,1.2,0.0,50.4,379005.6,0,1,0,0,0,0
Taj Gibson,Power Forward,81,1.0,51.2,21.2,70.9,737,15.5,9.8,6.4,49.8,51.4,9867008.5,0,0,1,0,0,3
Harry Giles,Power Forward,82,1.5,50.3,0.0,63.7,58,14.4,7.0,3.8,1.0,50.3,1904815.4,0,0,1,0,0,1
Manu Ginobili,Shooting Guard,78,3.8,44.7,36.9,82.7,1057,20.2,13.3,3.5,106.4,52.0,7139819.2,0,0,0,1,0,2
Rudy Gobert,Center,85,1.3,62.9,0.0,63.1,406,21.5,11.1,10.5,52.8,62.9,5667062.7,1,0,0,0,0,2
Ryan Gomes,Power Forward,79,1.5,44.5,34.9,79.9,487,12.5,10.1,4.6,19.4,48.4,1278897.7,0,0,1,0,0,0
Drew Gooden,Small Forward,82,1.1,46.2,25.7,76.0,790,16.3,11.0,7.1,43.9,46.8,4039194.7,0,0,0,0,1,1
Archie Goodwin,Point Guard,77,1.2,42.9,23.6,70.0,165,11.6,6.3,2.0,1.1,45.5,1008451.0,0,1,0,0,0,0
Aaron Gordon,Power Forward,81,2.2,45.0,32.1,70.7,341,15.3,12.5,6.2,18.0,50.2,4711369.4,0,0,1,0,0,2
Ben Gordon,Shooting Guard,75,2.5,43.2,40.1,85.7,744,14.9,14.9,2.5,33.3,49.7,9500800.8,0,0,0,1,0,3
Drew Gordon,Power Forward,81,0.2,42.1,0.0,50.0,9,3.7,1.9,2.0,-0.1,42.1,42428.2,0,0,1,0,0,0
Eric Gordon,Shooting Guard,76,2.9,42.8,37.4,81.4,629,14.5,16.7,2.5,33.6,51.5,14770742.0,0,0,0,1,0,3
Marcin Gortat,Power Forward,83,1.1,55.1,15.0,68.0,806,17.1,9.9,7.9,61.3,55.2,11386316.9,0,0,1,0,0,3
Andrew Goudelock,Point Guard,75,0.5,39.3,34.5,87.5,49,8.6,4.0,0.7,0.0,46.7,212525.1,0,1,0,0,0,0
Treveon Graham,Shooting Guard,77,0.8,39.6,36.3,71.9,125,8.1,4.1,2.0,2.7,49.2,664245.2,0,0,0,1,0,0
Danny Granger,Small Forward,81,1.9,43.4,38.0,84.8,586,16.9,16.8,4.9,48.5,50.0,6538940.5,0,0,0,0,1,2
Jerami Grant,Small Forward,81,1.0,46.1,33.4,65.4,383,12.6,8.8,3.9,18.2,51.5,1105300.3,0,0,0,0,1,0
Jerian Grant,Point Guard,76,2.9,41.2,32.4,77.1,273,12.6,6.1,1.9,8.3,47.3,1713520.3,0,1,0,0,0,0
Aaron Gray,Center,84,0.7,50.9,0.0,56.2,318,11.5,3.4,3.7,6.2,50.9,1288738.3,1,0,0,0,0,0
Josh Gray,Point Guard,73,2.4,26.8,23.1,63.6,5,7.2,6.4,2.0,-0.2,30.5,103852.1,0,1,0,0,0,0
Danny Green,Shooting Guard,78,1.6,42.4,40.4,81.7,620,13.2,9.0,3.5,39.2,54.9,7925236.9,0,0,0,1,0,2
Draymond Green,Small Forward,79,4.9,43.9,32.3,70.6,533,15.3,9.1,6.9,43.3,50.0,9980924.5,0,0,0,0,1,3
Erick Green,Point Guard,76,0.8,37.7,28.8,85.7,52,9.3,3.1,0.7,0.1,42.0,249802.2,0,1,0,0,0,0
Gerald Green,Shooting Guard,79,0.9,41.7,36.1,81.8,658,13.0,9.7,2.5,18.4,50.4,2258355.3,0,0,0,1,0,1
JaMychal Green,Power Forward,81,0.9,47.9,36.9,77.0,299,14.1,8.4,6.1,14.2,52.4,2681534.2,0,0,1,0,0,1
Jeff Green,Small Forward,81,1.6,44.1,33.3,80.5,860,13.3,13.2,4.5,40.2,48.8,9458227.4,0,0,0,0,1,3
Willie Green,Shooting Guard,76,1.4,42.5,34.6,76.5,731,11.0,8.3,1.8,12.9,47.1,1522482.4,0,0,0,1,0,0
Blake Griffin,Power Forward,82,4.5,50.2,34.2,69.2,604,22.2,21.9,9.0,75.3,52.1,21605616.6,0,0,1,0,0,3
Jorge Gutierrez,Point Guard,75,1.5,50.0,17.6,77.8,47,10.9,2.9,1.1,0.8,51.4,191336.6,0,1,0,0,0,0
Hamed Haddadi,Center,86,0.3,46.3,0.0,63.2,151,13.3,2.2,2.5,1.6,46.3,215582.3,1,0,0,0,0,0
P.J. Hairston,Small Forward,78,0.5,34.3,29.5,81.0,111,7.6,6.0,2.4,0.9,43.1,834814.4,0,0,0,0,1,0
Jordan Hamilton,Small Forward,79,0.8,40.8,35.7,67.0,151,13.4,5.9,2.8,3.0,48.9,515774.4,0,0,0,0,1,0
Justin Hamilton,Center,84,0.8,46.4,30.9,79.8,113,13.9,6.1,3.6,3.7,52.3,1676405.7,1,0,0,0,0,0
Richard Hamilton,Small Forward,78,3.4,44.9,34.6,85.2,921,16.5,17.1,3.1,62.8,46.9,715739.6,0,0,0,0,1,0
A.J. Hammons,Center,84,0.2,40.5,50.0,45.0,22,8.4,2.2,1.6,0.0,46.4,1012366.4,1,0,0,0,0,0
Tyler Hansbrough,Power Forward,81,0.4,43.9,13.6,73.8,428,14.8,6.7,4.2,20.2,44.0,2738473.6,0,0,1,0,0,1
Tim Hardaway Jr.,Shooting Guard,78,1.8,41.8,34.3,81.6,403,13.5,13.1,2.6,15.1,50.2,4657753.2,0,0,0,1,0,2
James Harden,Shooting Guard,77,6.2,44.3,36.5,85.7,765,24.4,24.3,5.2,121.9,52.5,20768590.3,0,0,0,1,0,3
Maurice Harkless,Small Forward,81,0.9,47.6,32.3,61.4,475,12.5,7.3,3.7,19.2,52.5,5367004.4,0,0,0,0,1,2
Justin Harper,Power Forward,82,0.2,34.0,27.6,33.3,22,3.6,2.0,0.8,-0.3,41.5,82833.7,0,0,1,0,0,0
Montrezl Harrell,Power Forward,80,1.2,62.9,15.6,62.9,255,22.1,11.2,4.4,19.2,63.0,1220032.4,0,0,1,0,0,0
Josh Harrellson,Power Forward,82,0.3,43.8,34.7,62.9,75,13.4,3.5,3.0,2.1,50.6,953189.5,0,0,1,0,0,0
Al Harrington,Power Forward,81,1.7,44.4,35.2,72.7,981,14.3,13.5,5.6,42.5,48.7,3132434.9,0,0,1,0,0,1
Devin Harris,Point Guard,75,3.9,43.2,32.5,79.6,985,16.0,10.8,2.2,54.9,48.3,3742474.6,0,1,0,0,0,1
Gary Harris,Shooting Guard,76,2.1,46.0,36.5,80.2,312,13.7,12.4,2.6,16.0,53.4,1909518.9,0,0,0,1,0,1
Joe Harris,Shooting Guard,78,1.5,47.5,42.7,79.7,262,11.9,9.4,2.8,10.4,59.7,1105300.3,0,0,0,1,0,0
Manny Harris,Shooting Guard,77,1.4,38.0,35.3,73.8,93,10.7,6.2,2.7,0.1,43.0,125020.4,0,0,0,1,0,0
Tobias Harris,Power Forward,81,1.9,47.1,36.4,82.2,546,16.7,15.4,6.0,39.4,52.1,11105762.9,0,0,1,0,0,3
Aaron Harrison,Shooting Guard,78,0.5,26.1,21.8,61.3,35,4.5,2.3,1.2,-0.1,32.6,376030.7,0,0,0,1,0,0
Andrew Harrison,Point Guard,78,2.8,37.3,29.4,77.9,145,10.3,7.0,2.0,3.2,42.9,1166688.1,0,1,0,0,0,0
Shaquille Harrison,Point Guard,76,2.0,44.2,26.1,68.3,96,13.0,6.5,2.9,2.2,46.9,273685.3,0,1,0,0,0,0
Josh Hart,Shooting Guard,77,1.3,43.5,36.1,69.5,130,10.6,7.9,3.9,5.5,53.6,1428580.8,0,0,0,1,0,0
Udonis Haslem,Power Forward,80,0.9,49.0,7.3,75.5,854,13.0,7.6,6.7,50.7,49.0,3258590.7,0,0,1,0,0,1
Spencer Hawes,Power Forward,85,1.9,45.7,35.0,71.6,684,14.0,8.7,5.7,22.6,49.0,5441041.6,0,0,1,0,0,2
Chuck Hayes,Center,78,1.2,49.8,0.0,62.0,644,12.2,3.7,5.0,28.8,49.8,4192458.0,1,0,0,0,0,1
Nigel Hayes,Small Forward,80,0.7,33.3,25.0,33.3,9,6.4,3.0,2.4,-0.1,39.4,62371.1,0,0,0,0,1,0
Gordon Hayward,Power Forward,80,3.4,44.6,36.4,82.1,589,17.5,15.1,4.2,47.9,50.3,16591684.8,0,0,1,0,0,3
Brendan Haywood,Center,84,0.5,52.8,0.0,58.7,816,14.6,6.8,6.0,43.8,52.8,4276387.8,1,0,0,0,0,1
Xavier Henry,Small Forward,78,0.6,40.6,32.5,63.5,185,9.3,5.7,1.9,0.8,42.8,1147682.5,0,0,0,0,1,0
John Henson,Center,83,1.1,53.9,27.3,57.2,405,17.1,7.8,5.4,19.3,54.2,6415602.7,1,0,0,0,0,2
Juan Hernangomez,Power Forward,81,0.6,43.7,36.6,76.4,157,11.7,5.1,3.2,5.1,54.0,2103461.4,0,0,1,0,0,1
Willy Hernangomez,Center,83,1.1,53.0,36.4,69.6,178,19.8,7.0,5.6,7.8,54.3,1454704.9,1,0,0,0,0,0
Mario Hezonja,Small Forward,80,1.3,41.7,32.1,81.1,277,10.7,7.3,3.0,2.4,48.3,4077499.1,0,0,0,0,1,1
Roy Hibbert,Center,86,1.3,46.5,25.0,75.5,662,15.5,10.0,6.3,35.9,46.5,13213191.8,1,0,0,0,0,3
J.J. Hickson,Center,81,0.8,50.5,0.0,61.7,534,16.1,9.5,6.8,21.9,50.5,4398753.3,1,0,0,0,0,2
Buddy Hield,Shooting Guard,76,2.0,44.6,41.9,87.4,244,15.4,14.9,4.0,10.0,54.5,3722559.3,0,0,0,1,0,1
Nene,Power Forward,83,1.8,54.8,13.2,66.0,965,17.1,11.3,6.0,73.3,54.8,9633878.3,0,0,1,0,0,3
George Hill,Point Guard,75,3.2,45.3,37.8,80.1,726,14.9,11.2,3.1,59.9,52.2,10888598.3,0,1,0,0,0,3
Jordan Hill,Center,82,0.8,49.7,13.6,69.9,409,16.3,7.9,5.8,16.4,49.7,5429413.2,1,0,0,0,0,2
Solomon Hill,Small Forward,79,1.5,39.5,32.9,80.9,305,9.0,5.9,3.3,9.2,46.7,5692383.9,0,0,0,0,1,2
Kirk Hinrich,Point Guard,76,4.8,41.1,37.5,80.0,879,12.8,10.9,2.9,52.5,48.0,3437193.2,0,1,0,0,0,1
Jrue Holiday,Point Guard,76,6.4,45.2,35.5,78.4,652,16.9,15.6,3.8,39.1,49.8,13957001.3,0,1,0,0,0,3
Justin Holiday,Shooting Guard,78,1.5,39.0,34.9,83.2,357,10.8,8.1,2.8,8.0,48.5,1915111.5,0,0,0,1,0,1
Ryan Hollins,Center,84,0.3,58.4,0.0,64.9,518,11.0,3.7,2.2,10.4,58.4,872703.7,1,0,0,0,0,0
Rondae Hollis-Jefferson,Small Forward,79,2.0,44.4,22.3,73.9,234,14.6,9.9,5.9,9.1,45.5,1460778.5,0,0,0,0,1,0
Richaun Holmes,Center,82,0.9,56.5,25.7,70.6,226,18.5,7.7,4.4,12.4,58.1,1231004.7,1,0,0,0,0,0
Tyler Honeycutt,Small Forward,80,0.4,31.4,20.0,71.4,24,8.1,1.2,1.0,-0.1,32.9,107791.1,0,0,0,0,1,0
Rodney Hood,Shooting Guard,80,1.9,42.2,36.7,84.1,320,13.2,12.6,2.8,16.0,50.2,1678506.1,0,0,0,1,0,0
Scotty Hopson,Shooting Guard,79,0.7,0.0,0.0,50.0,3,-5.5,0.7,0.0,-0.1,0.0,75970.3,0,0,0,1,0,0
Al Horford,Center,82,3.2,52.5,36.8,75.4,786,18.9,14.1,8.4,85.7,54.6,18911223.1,1,0,0,0,0,3
Dwight Howard,Power Forward,83,1.5,58.3,9.5,56.7,1044,21.6,17.4,12.6,128.9,58.3,23372764.4,0,0,1,0,0,3
Lester Hudson,Shooting Guard,75,1.2,37.5,27.7,80.6,57,13.0,4.7,1.4,0.2,43.1,59159.7,0,0,0,1,0,0
Marcelo Huertas,Point Guard,75,3.1,40.9,25.0,78.3,76,10.1,3.9,1.5,-0.2,44.3,1062840.6,0,1,0,0,0,0
Josh Huestis,Power Forward,79,0.3,34.6,31.2,24.0,76,6.0,2.5,2.4,0.7,44.1,1320642.9,0,0,1,0,0,0
Robbie Hummel,Small Forward,80,0.5,41.8,34.3,86.7,98,9.6,3.9,2.7,1.9,48.7,545178.7,0,0,0,0,1,0
Kris Humphries,Small Forward,81,0.7,46.3,29.3,70.0,800,15.4,6.7,5.4,30.3,46.9,5393102.1,0,0,0,0,1,2
Serge Ibaka,Power Forward,82,0.7,51.4,35.7,76.1,753,17.2,12.3,7.3,63.9,54.5,14551313.8,0,0,1,0,0,3
Andre Iguodala,Small Forward,78,4.4,46.6,33.3,71.0,1108,15.7,12.1,5.1,96.4,51.3,13227254.9,0,0,0,0,1,3
Ersan Ilyasova,Power Forward,82,1.1,44.3,36.5,77.3,745,15.4,10.6,5.8,44.9,50.4,6664397.8,0,0,1,0,0,2
Joe Ingles,Power Forward,80,3.4,44.7,40.8,74.1,406,12.5,8.0,3.1,23.1,57.5,4939397.7,0,0,1,0,0,2
Damien Inglis,Small Forward,80,0.5,35.1,23.1,87.5,20,6.7,1.8,1.6,-0.1,39.2,887802.6,0,0,0,0,1,0
Andre Ingram,Shooting Guard,75,1.2,34.8,41.7,100.0,6,10.9,4.0,1.3,0.1,45.7,14161.6,0,0,0,1,0,0
Brandon Ingram,Small Forward,81,2.9,45.8,32.9,66.2,190,11.7,13.9,4.7,4.5,48.7,5590080.3,0,0,0,0,1,2
Kyrie Irving,Point Guard,75,5.7,46.5,39.0,87.5,508,22.1,22.2,3.6,58.4,52.5,13389992.0,0,1,0,0,0,3
Jonathan Isaac,Power Forward,82,1.0,41.9,32.7,80.6,102,12.3,8.5,5.0,4.2,48.7,4288569.9,0,0,1,0,0,1
Wesley Iwundu,Small Forward,79,1.0,41.9,30.4,78.7,130,8.3,4.4,2.5,2.5,45.7,1075646.0,0,0,0,0,1,0
Jarrett Jack,Shooting Guard,75,4.6,44.0,34.3,85.5,867,14.1,10.8,2.9,36.8,48.0,3413880.0,0,0,0,1,0,1
Aaron Jackson,Point Guard,76,1.0,33.3,25.0,50.0,1,2.4,8.0,3.0,0.0,38.9,4720.5,0,1,0,0,0,0
Frank Jackson,Point Guard,75,1.1,43.4,31.4,74.0,61,9.4,8.1,2.2,0.4,49.3,835536.2,0,1,0,0,0,0
Josh Jackson,Small Forward,80,1.9,41.5,29.4,65.0,156,11.2,12.3,4.5,-2.4,45.2,5214363.1,0,0,0,0,1,2
Justin Jackson,Small Forward,80,1.1,44.5,33.5,76.5,149,10.3,7.0,2.7,3.9,52.4,2423338.3,0,0,0,0,1,1
Pierre Jackson,Point Guard,70,2.4,33.3,27.3,85.7,8,13.0,4.4,1.1,0.0,37.2,443081.5,0,1,0,0,0,0
Reggie Jackson,Point Guard,75,4.4,42.9,33.3,85.9,530,16.1,12.9,3.0,28.2,47.9,10113608.1,0,1,0,0,0,3
Bernard James,Center,82,0.1,49.7,0.0,68.0,92,13.8,2.2,2.3,1.9,49.7,690793.9,1,0,0,0,0,0
LeBron James,Shooting Guard,80,7.2,50.4,34.3,73.6,1198,27.6,27.2,7.4,226.6,54.1,26656284.6,0,0,0,1,0,3
Antawn Jamison,Power Forward,80,1.6,45.1,34.6,72.4,1083,18.1,18.5,7.5,87.8,48.5,1508544.5,0,0,1,0,0,0
Al Jefferson,Power Forward,82,1.5,49.9,12.1,71.1,915,20.6,15.7,8.4,71.0,49.9,12883109.2,0,0,1,0,0,3
Cory Jefferson,Power Forward,81,0.3,44.4,12.5,58.3,58,13.2,3.5,2.8,0.9,45.0,492318.3,0,0,1,0,0,0
Richard Jefferson,Small Forward,79,2.0,46.4,37.6,76.8,1181,14.4,12.6,4.0,83.0,51.1,3616352.0,0,0,0,0,1,1
John Jenkins,Shooting Guard,76,0.8,44.1,36.7,84.7,171,11.7,5.0,1.5,3.0,52.4,1070095.9,0,0,0,1,0,0
Brandon Jennings,Point Guard,73,5.7,38.7,34.5,79.6,555,15.7,14.1,3.0,29.9,45.2,5366518.2,0,1,0,0,0,2
Jonas Jerebko,Power Forward,82,0.8,45.7,36.3,77.0,635,13.2,6.2,4.0,25.8,52.0,4849990.2,0,0,1,0,0,2
Grant Jerrett,Power Forward,82,0.4,26.9,6.7,100.0,8,1.5,2.0,1.1,-0.1,28.8,934817.1,0,0,1,0,0,0
Yi Jianlian,Power Forward,84,0.7,40.4,33.3,78.0,272,11.2,7.9,4.9,3.1,42.3,261562.2,0,0,1,0,0,0
Amir Johnson,Center,81,1.2,57.0,33.2,67.3,870,15.8,7.0,5.4,55.3,58.2,10193676.0,1,0,0,0,0,3
Brice Johnson,Power Forward,82,0.1,44.9,0.0,60.0,21,18.1,2.2,1.6,0.1,44.9,1348255.2,0,0,1,0,0,0
Ivan Johnson,Power Forward,80,0.6,51.7,15.8,66.2,125,15.1,6.5,3.9,4.5,51.9,26517.6,0,0,1,0,0,0
James Johnson,Power Forward,80,2.1,47.7,30.5,69.5,602,14.5,7.9,3.6,23.5,51.4,5945049.4,0,0,1,0,0,2
Joe Johnson,Shooting Guard,79,3.9,44.1,37.1,80.2,1276,15.4,16.0,4.0,82.8,49.7,13753201.2,0,0,0,1,0,3
Nick Johnson,Shooting Guard,75,0.4,34.7,23.8,68.0,28,4.8,2.6,1.4,-0.1,38.0,819734.6,0,0,0,1,0,0
Orlando Johnson,Shooting Guard,77,0.7,35.8,31.1,72.7,103,8.5,3.2,1.7,1.4,43.0,322801.0,0,0,0,1,0,0
Stanley Johnson,Small Forward,79,1.5,37.4,29.3,76.4,285,8.6,7.0,3.4,3.3,43.4,3097200.9,0,0,0,0,1,1
Tyler Johnson,Shooting Guard,76,2.5,43.3,36.4,77.1,270,13.8,11.0,3.3,15.0,50.4,3336656.2,0,0,0,1,0,1
Wesley Johnson,Shooting Guard,79,1.1,40.4,33.7,74.1,609,10.0,7.0,3.2,10.7,48.1,3021467.5,0,0,0,1,0,1
Nikola Jokic,Center,84,5.1,52.3,34.5,82.8,308,24.8,16.3,9.6,38.9,56.0,1435310.1,1,0,0,0,0,0
Dahntay Jones,Small Forward,78,0.8,43.9,32.9,75.1,624,9.5,5.4,1.7,9.9,45.9,148546.5,0,0,0,0,1,0
James Jones,Shooting Guard,80,0.5,40.1,40.1,84.0,709,11.3,5.2,1.8,25.2,53.0,1582650.9,0,0,0,1,0,0
Perry Jones,Small Forward,83,0.4,42.0,29.3,66.0,143,8.5,3.4,1.8,1.7,45.9,1507993.4,0,0,0,0,1,0
Terrence Jones,Power Forward,81,1.0,50.1,29.7,62.1,234,17.1,10.4,5.7,14.7,52.4,1474834.5,0,0,1,0,0,0
Tyus Jones,Point Guard,74,3.3,41.9,33.3,81.9,247,13.5,5.1,1.5,8.4,47.7,1422418.2,0,1,0,0,0,0
DeAndre Jordan,Center,83,0.9,67.0,9.1,46.6,819,18.5,9.6,10.9,83.4,67.0,17995257.0,1,0,0,0,0,3
Cory Joseph,Point Guard,75,2.8,44.4,32.7,76.1,528,12.5,6.9,2.6,21.8,48.0,5251165.8,0,1,0,0,0,2
Chris Kaman,Center,84,1.3,48.9,4.2,74.3,735,14.9,11.2,7.6,24.6,48.9,4606536.9,1,0,0,0,0,2
Frank Kaminsky,Center,84,1.6,41.9,34.9,76.0,282,13.7,9.8,4.0,11.0,49.1,2847072.2,1,0,0,0,0,1
Enes Kanter,Center,83,0.8,54.1,29.4,78.0,583,20.6,11.9,7.6,39.6,54.5,13455909.2,1,0,0,0,0,3
Sergey Karasev,Shooting Guard,79,0.9,39.5,28.2,84.2,95,8.7,3.0,1.5,0.8,45.9,1634699.6,0,0,0,1,0,0
Ryan Kelly,Power Forward,83,1.3,37.8,31.6,79.7,163,10.5,6.0,3.1,3.0,43.8,1338161.7,0,0,1,0,0,0
Luke Kennard,Shooting Guard,77,1.8,44.1,40.3,84.7,136,12.0,8.6,2.6,5.1,53.6,2826674.8,0,0,0,1,0,1
D.J. Kennedy,Small Forward,78,1.5,41.7,50.0,0.0,2,4.7,6.0,3.5,0.0,50.0,52312.4,0,0,0,0,1,0
Michael Kidd-Gilchrist,Small Forward,79,1.2,47.7,27.7,71.4,421,13.7,8.8,5.6,21.2,48.1,8826527.5,0,0,0,0,1,3
Sean Kilpatrick,Shooting Guard,76,1.5,41.3,33.5,86.2,157,13.2,10.3,2.7,2.6,48.7,699582.2,0,0,0,1,0,0
Andrei Kirilenko,Small Forward,81,2.7,47.4,31.0,75.4,797,18.7,11.8,5.5,75.4,50.2,3479572.6,0,0,0,0,1,1
Maxi Kleber,Power Forward,83,0.8,46.9,33.8,76.7,143,13.2,6.1,3.9,6.3,55.3,835536.2,0,0,1,0,0,0
Brandon Knight,Point Guard,75,4.0,41.3,35.4,81.2,421,13.9,14.5,3.2,11.6,47.6,9327064.3,0,1,0,0,0,3
Furkan Korkmaz,Shooting Guard,79,0.9,38.8,32.3,79.2,62,10.6,4.9,1.9,1.1,48.4,1501724.8,0,0,0,1,0,0
Kyle Korver,Small Forward,79,1.7,44.3,42.9,87.8,1174,12.8,9.9,3.0,70.9,57.4,6532249.1,0,0,0,0,1,2
Kosta Koufos,Center,84,0.5,53.4,0.0,58.2,686,15.4,5.7,5.0,28.3,53.4,6275667.9,1,0,0,0,0,2
Kyle Kuzma,Power Forward,81,2.2,45.3,33.5,73.1,147,14.1,17.3,5.9,7.0,52.1,1458330.1,0,0,1,0,0,0
Mindaugas Kuzminskas,Small Forward,81,1.0,42.6,32.1,80.9,69,12.3,6.2,1.8,1.1,49.9,3065474.7,0,0,0,0,1,1
Skal Labissiere,Power Forward,83,1.0,48.0,37.5,74.6,115,14.9,7.6,4.3,3.0,49.9,1294246.7,0,0,1,0,0,0
Doron Lamb,Shooting Guard,76,0.8,38.1,39.4,70.0,100,6.3,3.5,1.0,0.1,45.8,850334.1,0,0,0,1,0,0
Jeremy Lamb,Small Forward,77,1.5,44.3,33.9,85.3,435,16.1,10.2,3.7,20.8,50.2,4361962.1,0,0,0,0,1,2
Carl Landry,Power Forward,81,0.7,53.5,30.0,78.5,513,17.5,10.8,4.9,35.9,53.6,6897007.0,0,0,1,0,0,2
Nicolas Laprovittola,Point Guard,76,1.6,42.6,37.0,100.0,18,8.4,3.3,0.6,0.2,53.2,220753.2,0,1,0,0,0,0
Shane Larkin,Point Guard,71,2.9,42.2,33.6,77.7,256,11.4,5.5,1.9,4.4,46.8,1614193.6,0,1,0,0,0,0
Joffrey Lauvergne,Center,83,0.9,47.9,28.5,71.9,208,14.3,5.6,3.8,5.2,50.4,1765161.2,1,0,0,0,0,1
Zach LaVine,Point Guard,77,3.5,44.6,37.3,82.4,293,14.8,16.1,3.4,8.0,50.6,2520415.3,0,1,0,0,0,1
Ty Lawson,Point Guard,71,6.0,46.0,35.9,77.0,551,17.2,12.7,2.7,42.1,50.4,6455640.3,0,1,0,0,0,2
Jake Layman,Small Forward,81,0.5,45.7,30.2,71.4,141,11.5,4.6,1.8,2.7,52.5,986210.2,0,0,0,0,1,0
T.J. Leaf,Power Forward,82,0.3,51.1,35.6,61.7,111,14.0,3.4,1.9,2.4,55.2,2077902.2,0,0,1,0,0,1
Ricky Ledo,Shooting Guard,79,0.8,33.6,37.1,76.9,28,7.0,3.9,1.4,-0.6,39.4,483966.7,0,0,0,1,0,0
Courtney Lee,Shooting Guard,77,1.7,45.0,38.7,85.3,787,12.2,9.7,2.7,38.7,51.6,8244409.5,0,0,0,1,0,2
Damion Lee,Shooting Guard,78,0.9,42.3,32.8,80.4,47,12.0,6.8,2.9,1.1,49.8,96964.5,0,0,0,1,0,0
Malcolm Lee,Shooting Guard,77,1.4,38.2,29.4,70.3,36,9.5,3.9,1.8,0.4,41.9,953189.5,0,0,0,1,0,0
Walt Lemon Jr.,Point Guard,75,3.2,43.7,50.0,71.4,11,14.7,9.4,2.6,0.0,45.1,94411.0,0,1,0,0,0,0
Alex Len,Center,85,0.8,48.7,34.9,69.5,412,15.0,7.9,6.3,15.6,50.3,4201272.0,1,0,0,0,0,1
Kawhi Leonard,Small Forward,79,2.4,49.5,38.3,84.8,467,22.6,17.7,6.3,65.8,54.8,12073766.4,0,0,0,0,1,3
Meyers Leonard,Power Forward,85,0.9,47.9,38.5,82.8,393,12.3,5.6,3.7,13.4,55.6,5579731.6,0,0,1,0,0,2
Jon Leuer,Center,82,0.8,48.4,32.8,76.7,377,14.5,6.4,3.8,13.2,51.5,6094198.4,1,0,0,0,0,2
Caris LeVert,Small Forward,79,3.4,43.7,32.9,70.7,168,13.8,11.1,3.6,5.8,49.7,1653443.1,0,0,0,0,1,0
Rashard Lewis,Small Forward,82,1.7,45.2,38.6,80.5,1049,16.8,14.9,5.2,90.9,52.4,1508544.5,0,0,0,0,1,0
DeAndre Liggins,Shooting Guard,78,0.7,40.2,35.2,54.9,177,7.3,2.0,1.4,1.6,46.9,659707.0,0,0,0,1,0,0
Damian Lillard,Point Guard,75,6.3,43.4,36.8,88.9,549,21.4,23.5,4.2,70.3,51.0,12745947.5,0,1,0,0,0,3
Jeremy Lin,Shooting Guard,75,4.3,43.3,34.2,80.9,480,15.3,11.6,2.8,23.5,48.5,8888485.7,0,0,0,1,0,3
Shaun Livingston,Shooting Guard,79,3.0,48.6,17.8,79.4,833,12.5,6.3,2.4,29.9,48.8,5360359.6,0,0,0,1,0,2
Shawn Long,Center,81,0.7,56.0,36.8,54.3,18,24.1,8.2,4.7,0.9,59.2,101453.7,1,0,0,0,0,0
Kevon Looney,Center,81,1.0,59.5,19.2,59.3,204,15.9,4.5,3.8,10.3,59.9,1314705.6,1,0,0,0,0,0
Brook Lopez,Center,84,1.5,49.8,34.7,79.1,717,19.9,17.3,6.5,60.1,52.1,19808180.1,1,0,0,0,0,3
Robin Lopez,Center,84,0.8,53.1,21.6,75.7,766,16.3,9.1,5.3,43.0,53.2,10917903.1,1,0,0,0,0,3
Kevin Love,Center,82,2.3,44.2,37.0,82.7,657,21.9,18.3,11.3,78.2,50.2,19702235.2,1,0,0,0,0,3
Kyle Lowry,Point Guard,73,6.1,42.4,36.7,80.5,856,18.4,14.4,4.3,86.7,50.5,14819084.5,0,1,0,0,0,3
John Lucas III,Point Guard,71,1.5,38.3,34.4,76.8,242,11.8,4.7,1.0,3.4,45.2,840385.9,0,1,0,0,0,0
Timothe Luwawu-Cabarrot,Small Forward,78,0.9,38.7,32.0,82.0,171,7.9,5.7,1.9,1.8,46.9,1404398.7,0,0,0,0,1,0
Tyler Lydon,Power Forward,82,0.2,50.0,40.0,33.3,26,9.1,0.9,0.7,0.2,61.1,1618017.5,0,0,1,0,0,0
Trey Lyles,Power Forward,82,1.1,43.1,33.1,70.5,288,13.2,7.6,3.9,8.1,49.5,2440943.4,0,0,1,0,0,1
Sheldon Mac,Shooting Guard,77,0.5,40.0,23.3,85.2,30,10.1,3.0,1.1,0.5,44.7,956638.5,0,0,0,1,0,0
Shelvin Mack,Shooting Guard,75,3.1,42.3,33.0,73.1,456,12.3,6.6,2.0,10.3,47.8,2960929.3,0,0,0,1,0,1
Ian Mahinmi,Center,83,0.5,53.7,12.5,61.2,580,12.9,5.0,4.3,24.7,53.7,9308480.1,1,0,0,0,0,3
Thon Maker,Center,85,0.6,42.1,32.6,67.7,195,11.4,4.6,2.8,4.8,49.2,2718557.1,1,0,0,0,0,1
Devyn Marble,Shooting Guard,78,0.7,30.4,22.2,37.5,44,5.5,2.2,1.6,-0.3,35.7,916945.4,0,0,0,1,0,0
Shawn Marion,Small Forward,79,1.9,48.4,33.1,81.0,1163,18.8,15.2,8.7,124.9,51.0,5789550.3,0,0,0,0,1,2
Boban Marjanovic,Center,87,0.6,58.3,40.0,77.3,186,26.4,6.2,3.9,9.7,58.5,5255350.2,1,0,0,0,0,2
Lauri Markkanen,Power Forward,84,1.3,43.2,36.2,85.9,120,16.3,16.7,8.2,6.1,51.2,3914982.7,0,0,1,0,0,1
Kendall Marshall,Point Guard,76,4.9,39.9,37.0,61.1,160,10.7,5.0,1.6,1.0,48.0,1801612.8,0,1,0,0,0,1
Cartier Martin,Small Forward,79,0.5,39.2,37.2,72.9,243,10.1,5.1,1.9,3.7,49.1,1280876.4,0,0,0,0,1,0
Jarell Martin,Power Forward,82,0.6,43.4,34.6,76.6,184,10.5,5.4,3.5,3.2,47.0,1385657.8,0,0,1,0,0,0
Kenyon Martin,Power Forward,81,1.9,48.3,23.4,62.9,757,15.0,12.3,6.8,48.0,48.7,974130.4,0,0,1,0,0,0
Kevin Martin,Point Guard,79,1.9,43.7,38.4,87.0,714,17.7,17.4,3.2,61.3,50.2,4145090.0,0,1,0,0,0,1
Frank Mason III,Point Guard,71,2.6,39.2,30.0,77.3,90,12.8,6.8,1.9,0.9,43.3,1213313.3,0,1,0,0,0,0
Wesley Matthews,Small Forward,77,2.2,42.5,38.2,82.6,724,13.3,13.7,3.1,47.8,52.2,13736684.4,0,0,0,0,1,3
Jason Maxiell,Center,79,0.4,49.5,0.0,56.4,618,13.0,5.6,4.2,20.3,49.5,2045762.0,1,0,0,0,0,1
Eric Maynor,Shooting Guard,75,2.8,39.2,35.0,72.1,267,10.6,4.3,1.3,3.3,44.2,2203838.6,0,0,0,1,0,1
O.J. Mayo,Shooting Guard,77,2.9,42.9,37.3,82.0,547,13.4,13.8,3.1,21.8,49.4,8528168.9,0,0,0,1,0,3
Luc Mbah a Moute,Small Forward,80,0.9,45.4,33.5,66.0,686,10.7,6.4,4.1,26.0,48.2,2950643.1,0,0,0,0,1,1
Ray McCallum,Point Guard,75,2.4,40.8,33.5,71.1,154,11.0,6.0,2.0,2.1,44.7,425045.3,0,1,0,0,0,0
Patrick McCaw,Shooting Guard,79,1.2,42.0,29.9,79.1,157,7.9,3.7,1.5,2.8,48.5,956638.5,0,0,0,1,0,0
CJ McCollum,Shooting Guard,75,2.9,45.5,40.1,83.9,411,17.2,17.8,3.1,27.9,52.2,7131358.5,0,0,0,1,0,2
T.J. McConnell,Point Guard,74,4.7,48.7,33.5,76.8,314,13.5,6.4,2.9,12.4,51.0,992905.1,0,1,0,0,0,0
Chris McCullough,Power Forward,83,0.3,42.6,30.6,54.8,59,13.2,3.3,1.9,0.6,46.7,1320642.9,0,0,1,0,0,0
K.J. McDaniels,Small Forward,78,0.6,41.2,29.0,77.6,148,10.8,5.3,2.2,1.3,46.4,1914890.4,0,0,0,0,1,1
Doug McDermott,Small Forward,80,0.8,45.9,40.4,82.5,341,10.7,7.8,2.1,10.6,54.5,2727886.1,0,0,0,0,1,1
Mitch McGary,Power Forward,82,0.3,52.7,0.0,58.0,52,15.4,4.4,3.5,1.3,52.7,1543886.7,0,0,1,0,0,0
JaVale McGee,Center,84,0.4,57.0,7.4,58.8,633,19.5,8.0,5.1,31.9,57.0,6759368.0,1,0,0,0,0,2
Rodney McGruder,Shooting Guard,76,1.6,41.4,34.8,66.2,162,9.4,6.7,3.2,5.6,49.8,956638.5,0,0,0,1,0,0
Alfonzo McKinnie,Small Forward,80,0.4,49.0,35.4,56.9,86,11.1,4.2,3.0,2.2,56.7,835536.2,0,0,0,0,1,0
Ben McLemore,Shooting Guard,77,1.1,41.7,35.3,78.3,368,9.3,8.8,2.5,4.6,49.4,3839425.0,0,0,0,1,0,1
Jerel McNeal,Point Guard,75,0.3,27.3,50.0,100.0,6,1.2,1.5,0.5,-0.1,31.8,31654.6,0,1,0,0,0,0
Jordan McRae,Shooting Guard,77,0.9,42.7,35.2,78.4,86,12.4,4.9,1.2,1.0,48.0,387929.9,0,0,0,1,0,0
Josh McRoberts,Center,82,2.1,46.3,34.0,70.5,433,13.2,5.4,3.9,18.5,51.3,5315413.0,1,0,0,0,0,2
Jodie Meeks,Shooting Guard,76,1.1,42.0,37.3,87.9,539,12.8,9.3,2.1,24.3,51.7,4978109.8,0,0,0,1,0,2
Salah Mejri,Center,86,0.5,60.3,29.3,59.0,204,16.3,3.4,4.0,8.1,61.6,992905.1,1,0,0,0,0,0
Gal Mekel,Point Guard,75,2.2,31.1,21.7,66.7,35,4.8,2.3,0.8,-0.7,33.5,505374.5,0,1,0,0,0,0
Jordan Mickey,Power Forward,80,0.3,44.9,11.8,60.5,64,10.9,2.4,2.0,0.5,45.7,1352967.4,0,0,1,0,0,0
Khris Middleton,Shooting Guard,80,3.2,45.1,38.8,87.0,455,15.7,15.7,4.4,31.0,51.7,9612042.7,0,0,0,1,0,3
C.J. Miles,Shooting Guard,78,1.1,41.2,35.9,81.0,838,13.1,9.6,2.4,30.0,50.1,4887970.1,0,0,0,1,0,2
Andre Miller,Point Guard,75,6.5,46.1,21.7,80.7,1304,17.4,12.5,3.7,100.8,46.8,3076015.3,0,1,0,0,0,1
Darius Miller,Small Forward,80,1.4,41.8,38.2,83.0,253,8.4,6.0,1.7,5.9,54.8,1141969.3,0,0,0,0,1,0
Mike Miller,Shooting Guard,80,2.6,45.9,40.7,76.9,1032,14.3,10.6,4.2,60.7,55.0,3280313.2,0,0,0,1,0,1
Quincy Miller,Power Forward,81,0.5,35.0,29.2,70.6,69,8.4,4.3,2.4,-0.1,40.4,258167.4,0,0,1,0,0,0
Patty Mills,Point Guard,72,2.4,43.1,39.1,84.9,605,14.4,8.4,1.7,27.5,53.6,4761958.3,0,1,0,0,0,2
Elijah Millsap,Shooting Guard,78,1.1,32.7,27.9,67.9,69,7.4,4.2,2.8,0.4,37.9,221663.7,0,0,0,1,0,0
Paul Millsap,Power Forward,80,2.3,49.1,33.4,73.4,945,19.0,14.1,7.4,88.2,51.2,18695932.5,0,0,1,0,0,3
Nikola Mirotic,Power Forward,82,1.3,42.3,35.9,80.8,319,16.7,12.3,5.9,20.8,52.2,7588878.2,0,0,1,0,0,2
Donovan Mitchell,Shooting Guard,75,3.9,43.4,35.1,80.5,156,16.9,22.1,3.9,10.2,49.9,2685304.2,0,0,0,1,0,1
Nazr Mohammed,Center,82,0.4,48.6,0.0,64.0,1005,15.0,5.8,4.7,34.3,48.6,1139561.6,1,0,0,0,0,0
Malik Monk,Shooting Guard,75,1.5,37.6,33.5,87.1,136,11.2,7.9,1.5,0.3,47.1,2975421.3,0,0,0,1,0,1
Greg Monroe,Power Forward,83,2.1,51.4,5.9,70.4,632,20.1,13.2,8.3,49.7,51.4,11231615.3,0,0,1,0,0,3
E'Twaun Moore,Point Guard,76,1.8,45.8,39.2,74.4,515,11.4,8.0,2.0,13.5,52.4,4028220.5,0,1,0,0,0,1
Eric Moreland,Power Forward,82,1.0,53.7,100.0,39.4,83,13.3,1.9,3.7,2.3,54.0,1071748.3,0,0,1,0,0,0
Darius Morris,Point Guard,76,1.4,38.4,32.2,63.0,132,7.7,3.3,1.0,-0.3,43.9,936600.9,0,1,0,0,0,0
Jaylen Morris,Shooting Guard,77,1.1,40.5,23.1,50.0,10,7.8,3.8,2.1,-0.1,44.0,198263.1,0,0,0,1,0,0
Marcus Morris,Small Forward,81,1.5,43.1,36.0,74.7,545,13.2,11.5,4.6,26.8,50.1,4104460.7,0,0,0,0,1,1
Markieff Morris,Power Forward,82,1.7,44.9,33.8,77.8,579,14.1,11.6,5.5,23.7,48.7,5967746.8,0,0,1,0,0,2
Anthony Morrow,Shooting Guard,77,0.9,44.7,41.7,88.0,564,13.2,9.4,2.2,23.2,53.9,2923458.5,0,0,0,1,0,1
Donatas Motiejunas,Power Forward,84,1.1,46.9,30.0,59.7,251,12.4,7.3,3.8,7.1,50.8,1533799.0,0,0,1,0,0,0
Timofey Mozgov,Center,85,0.6,53.5,19.0,73.8,454,14.7,6.8,4.9,17.7,53.7,9462508.0,1,0,0,0,0,3
Emmanuel Mudiay,Point Guard,77,4.2,39.3,32.0,74.2,246,11.6,11.8,3.1,-1.2,43.9,3380820.1,0,1,0,0,0,1
Shabazz Muhammad,Small Forward,78,0.5,47.3,31.9,75.1,278,15.9,9.0,2.8,8.5,50.4,1848865.1,0,0,0,0,1,1
Byron Mullens,Power Forward,84,0.8,40.8,31.9,70.6,189,12.2,7.4,4.2,0.6,44.8,1021759.7,0,0,1,0,0,0
Dejounte Murray,Point Guard,77,2.3,44.1,31.6,70.8,119,14.2,6.6,4.2,3.2,45.4,1289664.2,0,1,0,0,0,0
Jamal Murray,Shooting Guard,76,3.4,43.4,36.2,87.9,238,15.0,14.8,3.5,12.0,50.7,3398305.0,0,0,0,1,0,1
Toure' Murry,Point Guard,77,0.9,43.3,41.7,61.0,56,10.7,2.6,0.8,-0.1,45.1,183531.6,0,1,0,0,0,0
Mike Muscala,Power Forward,83,0.9,46.8,36.5,84.1,307,13.6,5.7,3.3,11.9,54.6,2013607.4,0,0,1,0,0,1
Abdel Nader,Small Forward,78,0.4,38.7,33.3,66.7,109,7.2,3.6,1.7,0.8,46.3,1195844.8,0,0,0,0,1,0
Larry Nance Jr.,Center,81,1.7,53.9,29.5,69.8,259,17.1,7.7,6.5,16.4,55.4,1331717.0,1,0,0,0,0,0
Shabazz Napier,Point Guard,73,2.0,39.3,35.4,81.2,289,12.7,6.4,1.7,6.4,47.8,1629204.8,0,1,0,0,0,0
Steve Nash,Point Guard,75,8.5,49.0,42.8,90.4,1217,20.0,14.3,3.0,129.7,55.6,10157505.8,0,1,0,0,0,3
Maurice Ndour,Power Forward,81,0.3,45.3,14.3,73.1,32,11.3,3.1,2.0,0.4,45.9,527486.2,0,0,1,0,0,0
Gary Neal,Shooting Guard,76,1.6,42.2,38.2,85.0,352,12.6,9.9,2.2,10.7,49.8,2312718.3,0,0,0,1,0,1
Nemanja Nedovic,Shooting Guard,75,0.5,20.5,16.7,87.5,24,-1.7,1.1,0.6,-0.4,24.4,1155161.6,0,0,0,1,0,0
Jameer Nelson,Point Guard,72,5.1,43.6,36.8,81.0,878,14.4,11.3,3.0,48.3,50.2,4667063.6,0,1,0,0,0,2
Raul Neto,Point Guard,73,1.9,44.3,37.7,77.6,199,11.1,4.8,1.3,4.6,51.2,1182646.5,0,1,0,0,0,0
Andrew Nicholson,Power Forward,81,0.4,46.7,32.1,77.3,285,12.2,6.0,3.0,3.8,49.5,3008752.5,0,0,1,0,0,1
Joakim Noah,Center,83,2.8,49.1,0.0,70.0,667,17.6,8.8,9.1,61.8,49.1,15017428.0,1,0,0,0,0,3
Nerlens Noel,Power Forward,83,1.2,52.3,25.0,63.1,300,16.9,8.2,6.5,16.6,52.3,3895269.4,0,0,1,0,0,1
Lucas Nogueira,Center,84,0.5,63.2,26.5,64.0,141,15.8,3.2,2.8,6.0,64.8,2212663.9,1,0,0,0,0,1
Steve Novak,Power Forward,82,0.3,43.7,43.0,87.7,467,12.7,4.7,1.3,14.5,60.5,2747063.2,0,0,1,0,0,1
Dirk Nowitzki,Power Forward,84,2.4,47.1,38.0,87.9,1522,22.4,20.7,7.5,206.3,51.2,14611454.7,0,0,1,0,0,3
Frank Ntilikina,Point Guard,78,3.1,35.4,30.5,73.5,121,6.7,5.9,2.2,-1.8,40.7,3586634.1,0,1,0,0,0,1
Jusuf Nurkic,Center,84,1.9,49.1,7.1,66.6,310,19.1,11.6,8.0,16.4,49.2,2212663.9,1,0,0,0,0,1
David Nwaba,Shooting Guard,76,1.2,49.0,32.6,66.1,141,12.3,7.2,3.9,4.6,51.8,744247.4,0,0,0,1,0,0
Johnny O'Bryant,Power Forward,81,0.5,40.2,36.0,66.3,147,8.0,3.5,2.4,0.2,41.9,700712.5,0,0,1,0,0,0
Jermaine O'Neal,Power Forward,83,1.4,46.7,14.7,71.5,1011,17.9,13.2,7.2,66.0,46.7,2155822.7,0,0,1,0,0,1
Royce O'Neale,Small Forward,78,1.5,45.1,37.4,78.8,151,9.7,5.1,3.5,5.6,53.9,835536.2,0,0,0,0,1,0
Kyle O'Quinn,Center,82,1.3,51.8,20.9,74.8,443,17.9,5.6,4.6,16.8,52.4,2812353.9,1,0,0,0,0,1
Semi Ojeleye,Power Forward,79,0.3,38.2,31.8,61.3,129,5.9,3.0,1.9,1.9,48.0,1323446.2,0,0,1,0,0,0
Emeka Okafor,Power Forward,82,0.8,51.2,0.0,58.6,616,17.0,12.0,9.7,45.3,51.2,8205041.1,0,0,1,0,0,2
Jahlil Okafor,Center,83,0.9,53.0,20.0,67.9,190,16.5,11.5,5.1,5.3,53.1,4994183.2,1,0,0,0,0,2
Victor Oladipo,Shooting Guard,76,4.0,44.3,35.2,79.3,402,16.7,17.5,4.6,24.2,49.5,8857091.6,0,0,0,1,0,3
Kelly Olynyk,Center,84,1.9,47.8,36.7,76.5,433,15.8,9.9,4.9,24.9,55.0,4148023.2,1,0,0,0,0,1
Cedi Osman,Small Forward,80,1.7,43.7,35.1,73.6,137,11.4,9.0,3.5,2.4,51.6,2707408.2,0,0,0,0,1,1
Kelly Oubre Jr.,Small Forward,79,0.8,42.4,32.1,77.8,292,11.8,9.4,3.7,8.3,49.3,2092666.4,0,0,0,0,1,1
Travis Outlaw,Power Forward,81,0.8,42.3,33.7,74.4,622,13.1,8.5,3.2,16.5,46.0,3552889.1,0,0,1,0,0,1
Zaza Pachulia,Center,83,1.3,46.9,0.0,75.1,1098,14.6,6.8,5.8,52.7,46.9,4644899.5,1,0,0,0,0,2
Georgios Papagiannis,Center,85,0.7,51.4,0.0,85.7,39,12.6,4.1,3.2,0.4,51.4,1642518.8,1,0,0,0,0,0
Kostas Papanikolaou,Small Forward,80,1.5,35.4,29.7,68.8,69,7.3,3.6,2.3,0.3,43.2,2731094.7,0,0,0,0,1,1
Jannero Pargo,Shooting Guard,73,2.0,39.1,35.6,86.4,499,11.8,6.4,1.4,4.9,45.5,1522482.4,0,0,0,1,0,0
Jabari Parker,Power Forward,80,2.1,49.1,33.7,73.9,247,16.2,15.1,5.7,11.6,51.8,5814883.0,0,0,1,0,0,2
Tony Parker,Point Guard,74,5.6,49.1,32.4,75.1,1254,18.2,15.5,2.7,111.3,50.8,14382595.6,0,1,0,0,0,3
Chandler Parsons,Small Forward,82,2.8,46.2,37.3,71.3,435,14.7,12.8,4.5,29.0,53.7,15936374.5,0,0,0,0,1,3
Lamar Patterson,Shooting Guard,77,1.1,32.6,23.6,72.0,40,4.4,2.3,1.4,0.1,39.5,265168.3,0,0,0,1,0,0
Patrick Patterson,Power Forward,81,1.1,45.0,36.7,74.9,622,12.6,6.9,4.1,28.7,51.9,5564500.7,0,0,1,0,0,2
Justin Patton,Center,84,0.8,33.3,0.0,50.0,4,12.0,1.8,1.5,0.0,33.3,2302374.2,1,0,0,0,0,1
Brandon Paul,Shooting Guard,76,0.6,43.3,27.8,51.2,64,7.4,2.3,1.1,0.5,49.2,498852.4,0,0,0,1,0,0
Chris Paul,Point Guard,72,9.7,46.9,37.0,86.8,950,25.3,18.5,4.5,171.5,51.8,22656299.2,0,1,0,0,0,3
Cameron Payne,Point Guard,75,2.5,39.7,33.1,77.5,153,11.4,6.0,1.8,2.2,46.5,2203043.9,0,1,0,0,0,1
Elfrid Payton,Point Guard,76,6.6,45.4,30.2,63.0,342,15.2,11.1,4.4,13.3,47.5,2836571.4,0,1,0,0,0,1
Kendrick Perkins,Center,82,1.0,53.0,0.0,59.4,782,10.7,5.4,5.8,27.9,53.0,4288211.8,1,0,0,0,0,1
Paul Pierce,Shooting Guard,79,3.5,44.5,36.8,80.6,1343,19.7,19.7,5.6,150.0,50.0,6108371.2,0,0,0,1,0,2
Tibor Pleiss,Center,87,0.2,44.0,0.0,100.0,12,3.5,2.0,1.3,-0.1,44.0,2276433.3,1,0,0,0,0,1
Mason Plumlee,Center,83,2.2,57.0,7.4,56.5,471,17.8,8.5,6.3,31.0,57.1,4231843.3,1,0,0,0,0,1
Jakob Poeltl,Center,84,0.8,64.3,50.0,56.0,213,17.2,5.4,4.5,12.3,64.3,2861835.1,1,0,0,0,0,1
Quincy Pondexter,Small Forward,79,0.7,42.3,35.6,74.6,355,9.8,4.5,1.8,9.7,50.1,3410472.0,0,0,0,0,1,1
Otto Porter,Small Forward,80,1.5,48.3,40.5,79.3,399,15.6,11.0,5.0,29.1,55.8,9167645.0,0,0,0,0,1,3
Bobby Portis,Power Forward,83,1.1,45.8,36.1,75.1,249,16.5,10.2,6.2,9.0,50.3,1516042.4,0,0,1,0,0,0
Kristaps Porzingis,Power Forward,87,1.3,43.7,36.1,80.4,186,18.3,17.8,7.1,12.1,48.8,4502782.5,0,0,1,0,0,2
Dwight Powell,Power Forward,83,0.9,55.3,29.8,75.0,331,18.5,7.5,4.5,22.4,58.1,4854696.5,0,0,1,0,0,2
Norman Powell,Shooting Guard,76,1.2,44.2,34.5,80.7,255,12.4,7.1,2.1,7.3,51.3,1037015.9,0,0,0,1,0,0
Alex Poythress,Power Forward,81,0.5,47.2,35.8,66.7,52,11.7,3.8,2.3,1.0,53.1,291802.1,0,0,1,0,0,0
Phil Pressey,Point Guard,71,2.9,34.1,25.4,63.0,148,9.9,3.2,1.5,0.8,38.8,300935.5,0,1,0,0,0,0
A.J. Price,Shooting Guard,74,2.2,38.0,31.6,74.2,261,12.2,5.8,1.4,4.7,45.6,66349.2,0,0,0,1,0,0
Ronnie Price,Point Guard,74,1.8,37.3,30.2,73.8,544,9.1,3.7,1.2,4.0,43.4,1669043.5,0,1,0,0,0,0
Pablo Prigioni,Point Guard,75,2.8,42.5,37.9,87.2,270,12.3,3.5,1.9,10.4,55.4,1404624.5,0,1,0,0,0,0
Tayshaun Prince,Small Forward,81,2.4,45.5,36.7,75.6,1017,13.7,11.1,4.3,63.1,48.3,5854598.9,0,0,0,0,1,2
Rodney Purvis,Shooting Guard,76,1.1,32.7,25.0,86.7,16,4.5,6.0,1.7,-0.3,38.8,165219.2,0,0,0,1,0,0
Zhou Qi,Power Forward,85,0.1,21.2,10.5,66.7,19,2.5,1.3,1.2,-0.2,24.2,835536.2,0,0,1,0,0,0
Tim Quarterman,Shooting Guard,78,0.6,43.8,33.3,40.0,19,9.2,1.8,0.9,-0.1,51.6,98760.7,0,0,0,1,0,0
Ivan Rabb,Power Forward,82,1.0,55.5,20.0,74.3,85,16.3,5.7,4.3,3.2,55.9,973203.5,0,0,1,0,0,0
Chasson Randle,Point Guard,74,1.7,41.6,38.3,80.0,75,11.0,5.4,1.2,1.3,51.4,283099.7,0,1,0,0,0,0
Julius Randle,Power Forward,81,2.7,50.2,30.7,72.2,311,17.7,15.4,8.9,17.8,51.7,3541640.8,0,0,1,0,0,1
Anthony Randolph,Power Forward,82,0.7,45.3,24.1,74.0,252,16.5,7.1,4.3,5.8,46.0,1911255.9,0,0,1,0,0,1
Shavlik Randolph,Power Forward,82,0.2,44.9,16.7,54.4,146,12.6,2.3,2.5,2.2,45.1,1302529.5,0,0,1,0,0,0
Zach Randolph,Power Forward,81,1.8,47.1,27.3,76.4,1116,19.3,16.6,9.1,81.1,47.8,14069788.7,0,0,1,0,0,3
Xavier Rathan-Mayes,Shooting Guard,76,3.6,28.6,7.1,44.4,5,0.9,5.8,1.0,-0.4,29.8,47205.5,0,0,0,1,0,0
J.J. Redick,Shooting Guard,76,2.0,44.8,41.3,89.0,836,15.0,12.9,2.0,58.9,55.3,10465936.9,0,0,0,1,0,3
Davon Reed,Shooting Guard,77,0.5,30.7,31.0,66.7,31,5.3,2.4,1.5,-0.2,38.1,835536.2,0,0,0,1,0,0
Willie Reed,Center,82,0.3,59.2,33.3,56.1,152,18.0,4.9,3.8,6.3,59.4,1191193.2,1,0,0,0,0,0
Glen Rice Jr.,Shooting Guard,78,0.6,26.9,25.0,69.2,16,3.8,2.7,1.5,-0.2,32.7,424281.9,0,0,0,1,0,0
Jason Richardson,Small Forward,78,2.7,43.8,37.0,70.7,857,16.3,17.1,5.0,59.1,50.2,6844738.1,0,0,0,0,1,2
Josh Richardson,Shooting Guard,78,2.9,42.5,36.8,82.1,259,12.8,12.1,3.2,15.7,50.3,992905.1,0,0,0,1,0,0
Malachi Richardson,Shooting Guard,78,0.3,35.8,30.1,78.3,70,6.2,2.8,1.0,-0.1,43.3,1523890.5,0,0,0,1,0,0
Quentin Richardson,Shooting Guard,78,1.5,39.7,35.5,71.8,783,12.9,10.3,4.7,32.8,47.6,2267983.2,0,0,0,1,0,1
Luke Ridnour,Point Guard,74,4.5,43.1,34.9,86.2,830,13.9,9.3,2.3,36.0,47.4,3786757.6,0,1,0,0,0,1
Austin Rivers,Point Guard,76,2.4,41.7,34.7,63.7,484,10.2,9.2,2.0,9.1,48.2,6403214.4,0,1,0,0,0,2
Andre Roberson,Shooting Guard,79,0.9,48.2,25.7,46.7,295,9.8,4.6,4.0,12.7,52.8,3096193.4,0,0,0,1,0,1
Brian Roberts,Point Guard,73,2.3,41.1,35.6,90.8,314,13.0,6.6,1.3,7.4,47.1,1968101.1,0,1,0,0,0,1
Glenn Robinson III,Shooting Guard,78,0.6,43.9,36.1,72.6,219,10.6,4.4,2.1,4.7,50.1,1023496.7,0,0,0,1,0,0
Nate Robinson,Point Guard,69,3.0,42.3,36.0,79.6,618,15.6,11.0,2.3,27.8,49.3,1154653.8,0,1,0,0,0,0
Thomas Robinson,Power Forward,82,0.6,47.0,0.0,50.5,313,14.0,4.9,4.8,4.6,47.0,2460511.4,0,0,1,0,0,1
Sergio Rodriguez,Point Guard,75,3.4,40.9,33.7,73.9,353,12.4,4.9,1.5,4.3,47.1,8369989.2,0,1,0,0,0,2
Rajon Rondo,Point Guard,73,8.5,46.0,31.5,60.5,825,16.2,10.4,4.8,58.4,48.2,9624130.0,0,1,0,0,0,3
Derrick Rose,Point Guard,75,5.6,45.3,30.4,82.4,546,18.1,18.8,3.5,37.2,47.7,12152479.2,0,1,0,0,0,3
Terrence Ross,Small Forward,79,1.1,42.3,37.4,81.9,492,12.6,10.5,2.8,19.2,52.1,6167007.4,0,0,0,0,1,2
Brandon Roy,Shooting Guard,78,4.7,45.9,34.8,80.0,326,20.0,18.8,4.3,37.4,49.2,20489979.5,0,0,0,1,0,3
Terry Rozier,Point Guard,73,2.3,38.0,35.4,77.7,272,12.8,7.7,3.6,9.9,46.5,1988170.8,0,1,0,0,0,1
Ricky Rubio,Point Guard,76,7.7,38.8,32.2,83.8,498,15.8,11.1,4.2,32.2,43.3,10318565.8,0,1,0,0,0,3
Damjan Rudez,Small Forward,82,0.6,42.4,37.3,77.4,146,7.4,3.3,0.6,1.4,55.2,1136794.8,0,0,0,0,1,0
Brandon Rush,Shooting Guard,78,1.0,42.6,40.2,70.6,481,9.9,6.8,2.9,11.2,51.8,2124085.6,0,0,0,1,0,1
D'Angelo Russell,Point Guard,77,5.1,41.9,35.3,76.2,272,16.0,16.5,3.7,6.6,49.2,5561380.1,0,1,0,0,0,2
Domantas Sabonis,Center,83,1.9,51.3,34.3,72.2,229,15.8,10.4,6.8,13.1,53.3,2582669.6,1,0,0,0,0,1
Robert Sacre,Center,84,0.7,43.6,0.0,67.1,189,10.8,4.2,3.1,2.4,43.6,953607.7,1,0,0,0,0,0
John Salmons,Shooting Guard,79,2.4,43.1,36.6,79.9,895,12.1,9.3,2.9,33.9,48.3,3785305.4,0,0,0,1,0,1
Larry Sanders,Power Forward,83,0.7,48.0,0.0,55.3,238,15.4,6.4,5.7,10.3,48.0,3502621.4,0,0,1,0,0,1
Dario Saric,Power Forward,82,2.1,43.3,35.8,83.5,240,14.0,12.7,6.2,11.2,50.9,2453613.9,0,0,1,0,0,1
Tomas Satoransky,Shooting Guard,79,3.7,48.9,40.0,79.2,210,13.7,6.6,2.8,10.3,54.6,3038429.3,0,0,0,1,0,1
Dennis Schroder,Point Guard,73,4.6,43.0,32.5,82.5,431,14.8,13.4,2.7,13.1,47.3,4765443.2,0,1,0,0,0,2
Luis Scola,Power Forward,81,1.6,49.3,33.9,74.0,743,16.3,12.0,6.7,45.7,49.9,5319783.8,0,0,1,0,0,2
Mike Scott,Power Forward,80,0.9,46.4,36.4,75.5,436,13.2,7.1,3.1,13.3,53.3,2582464.6,0,0,1,0,0,1
Thabo Sefolosha,Small Forward,79,1.4,45.0,35.2,73.5,828,11.5,5.9,3.8,38.6,51.0,4449971.1,0,0,0,0,1,2
Wayne Selden,Shooting Guard,77,1.5,41.6,34.3,72.3,124,9.2,7.3,2.0,0.1,48.5,488360.6,0,0,0,1,0,0
Kevin Seraphin,Power Forward,81,0.6,48.9,0.0,71.5,423,12.1,5.9,3.5,5.9,48.9,2990324.3,0,0,1,0,0,1
Ramon Sessions,Point Guard,75,4.1,43.4,31.6,79.1,691,15.9,10.3,2.7,28.8,45.3,3012865.8,0,1,0,0,0,1
Iman Shumpert,Shooting Guard,77,1.9,39.3,34.0,76.6,446,9.8,7.3,3.4,12.9,47.1,6977107.3,0,0,0,1,0,2
Alexey Shved,Shooting Guard,78,2.5,36.9,30.6,76.2,182,12.8,7.4,2.0,3.1,43.6,3438356.6,0,0,0,1,0,1
Pascal Siakam,Power Forward,81,2.0,53.1,30.9,74.3,216,16.1,10.1,5.1,15.5,56.4,1298013.2,0,0,1,0,0,0
Xavier Silas,Shooting Guard,77,0.8,22.2,12.5,66.7,4,-0.7,2.8,1.5,-0.1,25.0,75970.3,0,0,0,1,0,0
Ben Simmons,Point Guard,82,7.9,55.4,0.0,58.3,160,20.0,16.4,8.5,17.5,55.4,6247842.8,0,1,0,0,0,2
Jonathon Simmons,Shooting Guard,78,1.9,44.3,31.7,75.6,258,11.0,8.3,2.4,6.2,48.4,2641757.0,0,0,0,1,0,1
Henry Sims,Center,82,1.0,47.1,17.4,76.7,135,15.0,7.6,5.0,4.6,47.3,406833.7,1,0,0,0,0,0
Kyle Singler,Small Forward,80,0.8,41.8,36.2,78.6,356,9.5,6.5,2.9,10.0,49.3,3484305.5,0,0,0,0,1,1
Chris Singleton,Small Forward,80,0.6,37.6,31.9,63.3,148,8.2,4.1,3.2,2.3,42.3,1744793.6,0,0,0,0,1,1
Peyton Siva,Shooting Guard,72,1.4,31.6,28.0,73.3,24,5.7,2.3,0.6,-0.2,37.7,106070.5,0,0,0,1,0,0
Donald Sloan,Point Guard,75,3.0,40.9,31.0,75.4,218,11.9,5.5,2.1,4.0,45.4,1011565.1,0,1,0,0,0,0
Marcus Smart,Shooting Guard,76,3.9,37.2,31.0,76.4,341,11.8,9.3,3.5,16.2,45.1,3877724.3,0,0,0,1,0,1
Dennis Smith Jr.,Point Guard,75,5.0,40.7,31.6,66.8,122,12.6,14.5,3.4,-0.7,45.9,3296885.8,0,1,0,0,0,1
Greg Smith,Center,82,0.3,61.7,0.0,57.6,149,13.8,4.0,3.3,5.5,61.7,740418.0,1,0,0,0,0,0
Ish Smith,Point Guard,72,3.8,42.7,30.6,67.8,542,13.5,7.4,2.4,11.0,45.1,2782824.0,0,1,0,0,0,1
J.R. Smith,Small Forward,78,2.1,41.9,37.3,73.2,971,14.0,12.5,3.2,46.4,51.1,9139086.5,0,0,0,0,1,3
Jason Smith,Center,84,0.7,46.8,33.3,78.3,616,12.9,6.1,3.4,14.1,48.0,4262250.9,1,0,0,0,0,1
Josh Smith,Small Forward,81,3.1,45.2,28.5,63.2,894,17.4,14.5,7.4,51.0,47.2,6280152.4,0,0,0,0,1,2
Russ Smith,Point Guard,72,0.7,31.9,18.8,76.9,27,7.8,2.0,0.6,-0.2,35.1,865533.0,0,1,0,0,0,0
Tony Snell,Shooting Guard,79,1.0,42.5,38.2,81.9,442,9.0,6.2,2.4,13.5,53.4,3449392.0,0,0,0,1,0,1
Marreese Speights,Power Forward,82,0.7,45.9,35.6,79.7,705,16.7,7.9,4.1,25.8,48.4,2933971.0,0,0,1,0,0,1
Tiago Splitter,Center,83,1.2,55.5,14.3,69.7,355,17.9,7.9,5.0,25.3,55.6,9635340.0,1,0,0,0,0,3
Nik Stauskas,Shooting Guard,78,1.5,38.9,35.3,81.4,335,9.1,6.8,2.1,3.8,49.0,3246036.4,0,0,0,1,0,1
Lance Stephenson,Small Forward,78,2.9,44.4,31.5,68.5,508,12.1,8.6,4.2,16.7,48.8,4295267.0,0,0,0,0,1,1
Greg Stiemsma,Center,83,0.5,50.9,0.0,70.5,203,11.0,3.2,3.3,6.0,50.9,1962565.6,1,0,0,0,0,1
David Stockton,Point Guard,71,1.5,44.4,60.0,70.0,6,15.7,3.0,0.3,0.1,61.1,114588.5,0,1,0,0,0,0
Julyan Stone,Point Guard,78,1.1,44.4,31.3,70.0,70,9.5,1.1,1.1,0.9,52.4,806924.1,0,1,0,0,0,0
Amar'e Stoudemire,Center,82,1.2,53.7,23.6,76.1,846,21.8,18.9,7.8,92.5,53.8,12576152.9,1,0,0,0,0,3
Rodney Stuckey,Point Guard,77,3.6,42.3,30.0,82.4,651,14.9,12.6,2.9,28.7,44.3,6168730.9,0,1,0,0,0,2
Jared Sullinger,Power Forward,81,1.8,43.6,27.2,72.3,269,16.2,10.8,7.5,15.3,46.3,2818892.2,0,0,1,0,0,1
Caleb Swanigan,Power Forward,81,0.5,37.2,13.3,66.7,48,6.1,2.2,2.5,-0.2,38.1,1501724.8,0,0,1,0,0,0
Jayson Tatum,Small Forward,80,1.9,46.1,40.0,84.0,159,15.2,14.8,5.5,12.0,52.0,5783287.6,0,0,0,0,1,2
Isaiah Taylor,Point Guard,75,2.9,41.3,24.4,69.9,71,10.4,6.3,1.4,0.6,43.8,831888.5,0,1,0,0,0,0
Tyshawn Taylor,Point Guard,75,0.9,35.4,36.0,68.4,61,5.8,2.9,0.5,-0.9,37.9,850334.1,0,1,0,0,0,0
Jeff Teague,Point Guard,74,5.8,44.5,35.6,84.2,712,17.1,12.7,2.5,48.3,48.9,10851113.1,0,1,0,0,0,3
Marquis Teague,Point Guard,74,1.5,34.3,22.2,66.1,91,4.9,2.4,1.0,-0.9,36.3,836407.0,0,1,0,0,0,0
Mirza Teletovic,Small Forward,81,0.8,40.6,37.1,75.5,324,13.0,8.1,3.2,8.8,52.4,6924444.0,0,0,0,0,1,2
Sebastian Telfair,Point Guard,72,3.5,39.0,31.9,77.7,564,10.8,7.4,1.6,5.0,43.6,970802.6,0,1,0,0,0,0
Garrett Temple,Point Guard,78,1.6,40.8,35.3,72.9,514,9.5,5.9,2.1,11.4,49.1,3951906.2,0,1,0,0,0,1
Milos Teodosic,Point Guard,77,4.0,42.0,37.8,81.1,60,11.0,8.0,2.4,1.3,54.3,6146548.6,0,1,0,0,0,2
Jason Terry,Point Guard,74,3.8,44.4,38.0,84.5,1410,16.2,13.4,2.3,102.0,51.7,3397618.9,0,1,0,0,0,1
Daniel Theis,Center,80,1.0,54.5,35.2,74.5,129,16.6,5.5,3.9,7.0,58.9,835536.2,1,0,0,0,0,0
Adonis Thomas,Small Forward,79,0.5,42.9,20.0,100.0,6,7.3,2.3,0.5,0.0,46.4,63566.8,0,0,0,0,1,0
Isaiah Thomas,Point Guard,69,5.1,43.7,36.0,87.4,485,20.3,18.6,2.5,45.3,50.7,5852227.8,0,1,0,0,0,2
Lance Thomas,Power Forward,80,0.7,41.7,38.3,79.7,392,8.3,5.2,2.6,5.4,46.3,3284955.6,0,0,1,0,0,1
Malcolm Thomas,Power Forward,81,0.4,43.5,9.1,60.0,40,8.4,1.9,2.4,0.1,44.2,502774.1,0,0,1,0,0,0
Tyrus Thomas,Power Forward,81,0.9,43.8,23.5,73.2,402,14.8,7.7,4.8,13.0,43.9,5017257.6,0,0,1,0,0,2
Hollis Thompson,Small Forward,80,1.1,41.3,38.6,70.7,265,9.6,7.7,3.1,6.5,51.4,614307.4,0,0,0,0,1,0
Jason Thompson,Power Forward,83,1.1,49.6,14.3,65.7,588,13.5,8.9,6.6,23.8,49.7,3601099.1,0,0,1,0,0,1
Klay Thompson,Shooting Guard,79,2.3,45.9,41.9,84.8,615,16.4,19.5,3.5,46.8,55.1,11575667.4,0,0,0,1,0,3
Tristan Thompson,Power Forward,82,0.9,51.9,0.0,61.0,562,15.4,9.2,8.6,40.0,51.9,11555497.1,0,0,1,0,0,3
Marcus Thornton,Shooting Guard,76,1.4,42.5,35.8,83.0,483,15.5,11.9,2.8,20.0,49.8,4134310.9,0,0,0,1,0,1
Sindarius Thornwell,Shooting Guard,77,0.6,41.5,34.2,68.9,137,7.6,2.5,1.3,1.0,46.1,835536.2,0,0,0,1,0,0
Anthony Tolliver,Power Forward,80,0.9,41.8,37.6,77.2,664,11.2,6.4,3.4,25.4,54.0,3542854.0,0,0,1,0,0,1
Axel Toupane,Small Forward,79,0.6,38.0,31.8,76.5,25,7.0,3.5,1.3,0.4,46.8,51670.8,0,0,0,0,1,0
Karl-Anthony Towns,Center,84,2.6,53.7,39.2,83.6,323,25.0,22.3,11.9,45.4,57.5,6215719.1,1,0,0,0,0,2
P.J. Tucker,Small Forward,78,1.4,42.2,36.1,74.4,582,10.9,7.4,5.7,30.0,50.1,5229340.8,0,0,0,0,1,2
Ronny Turiaf,Center,82,1.3,53.3,0.0,63.6,473,13.8,4.7,3.7,19.2,53.3,1603962.1,1,0,0,0,0,0
Hedo Turkoglu,Power Forward,82,2.8,42.6,38.4,78.4,997,14.3,11.1,4.0,63.3,49.5,7235678.4,0,0,1,0,0,2
Evan Turner,Small Forward,79,3.5,43.5,29.6,78.1,686,12.0,9.9,4.7,20.5,45.6,9801526.4,0,0,0,0,1,3
Myles Turner,Center,83,1.2,49.5,36.3,77.1,280,17.4,12.9,6.7,22.1,52.6,2569467.1,1,0,0,0,0,1
Jeremy Tyler,Center,82,0.2,45.0,0.0,55.7,104,11.1,3.6,2.6,0.3,45.0,530490.3,1,0,0,0,0,0
Ekpe Udoh,Power Forward,82,0.7,45.3,0.0,71.8,384,12.0,3.5,2.9,10.4,45.3,3045525.5,0,0,1,0,0,1
Beno Udrih,Shooting Guard,75,3.4,46.3,34.9,83.3,831,14.0,8.4,2.1,31.4,50.2,1504602.5,0,0,0,1,0,0
Tyler Ulis,Point Guard,70,4.0,40.3,28.0,80.8,133,11.3,7.5,1.7,0.5,43.5,1152756.8,0,1,0,0,0,0
Jarrod Uthoff,Power Forward,81,1.0,42.1,33.3,71.4,9,13.9,4.4,2.4,0.2,46.1,42268.2,0,0,1,0,0,0
Jonas Valanciunas,Center,84,0.8,55.8,35.7,78.6,489,19.9,12.1,8.5,45.3,56.4,8705169.6,1,0,0,0,0,3
Denzel Valentine,Shooting Guard,78,2.3,39.9,37.4,75.4,134,10.6,8.0,4.1,3.1,50.6,2214381.9,0,0,0,1,0,1
Fred VanVleet,Point Guard,72,3.3,41.2,39.4,83.6,177,14.4,8.3,2.2,9.2,50.4,956638.5,0,1,0,0,0,0
Anderson Varejao,Power Forward,82,1.2,51.0,2.4,63.1,627,15.6,7.3,7.2,46.4,51.1,5198678.1,0,0,1,0,0,2
Greivis Vasquez,Point Guard,78,4.8,41.8,34.9,81.7,401,13.7,9.0,2.5,12.6,48.0,5161870.3,0,1,0,0,0,2
Rashad Vaughn,Shooting Guard,78,0.5,33.7,31.3,69.2,139,5.9,3.0,1.1,-0.6,42.4,1459090.2,0,0,0,1,0,0
Jan Vesely,Power Forward,83,0.6,52.1,0.0,40.8,162,10.9,3.6,3.5,4.0,52.1,3601215.7,0,0,1,0,0,1
Charlie Villanueva,Power Forward,83,0.8,43.5,34.1,77.2,656,16.0,10.4,4.6,22.6,49.4,4077844.9,0,0,1,0,0,1
Noah Vonleh,Power Forward,81,0.8,45.3,31.6,68.3,299,11.8,5.1,5.4,8.3,48.7,2985352.6,0,0,1,0,0,1
Nikola Vucevic,Center,84,2.4,50.2,33.2,74.1,536,20.3,15.7,10.1,41.7,51.4,8322587.3,1,0,0,0,0,2
Sasha Vujacic,Point Guard,79,1.3,39.0,36.7,85.8,581,11.5,5.3,1.9,16.0,48.7,1456300.7,0,1,0,0,0,0
Dwyane Wade,Point Guard,76,5.4,48.0,29.3,76.5,1054,23.5,22.0,4.7,120.7,49.5,16489574.8,0,1,0,0,0,3
Dion Waiters,Shooting Guard,76,2.8,41.2,34.7,69.2,409,12.0,13.2,2.7,8.7,46.8,5650164.9,0,0,0,1,0,2
Henry Walker,Small Forward,78,0.8,44.6,36.9,76.0,181,10.8,6.0,2.2,5.0,55.6,122428.7,0,0,0,0,1,0
Kemba Walker,Point Guard,73,5.5,41.8,35.7,83.5,605,19.3,19.8,3.8,48.5,48.2,8760126.9,0,1,0,0,0,3
John Wall,Point Guard,76,9.2,43.3,32.4,78.1,573,19.4,19.0,4.3,44.3,46.2,15344766.0,0,1,0,0,0,3
Gerald Wallace,Small Forward,79,2.1,46.9,31.2,70.9,832,16.3,11.9,5.8,59.7,49.6,10773054.8,0,0,0,0,1,3
Taurean Prince,Small Forward,80,2.0,42.7,38.0,82.3,196,12.0,11.4,3.8,4.6,51.6,2453613.9,0,0,0,0,1,1
T.J. Warren,Small Forward,80,1.1,49.7,34.0,76.6,261,16.2,14.4,4.1,13.0,52.2,2422855.1,0,0,0,0,1,1
C.J. Watson,Point Guard,74,2.5,41.9,37.3,81.2,600,13.1,7.2,1.9,24.1,48.4,3055526.4,0,1,0,0,0,1
Earl Watson,Point Guard,73,4.4,41.1,32.4,70.3,878,12.1,6.4,2.3,19.2,46.0,1508544.5,0,1,0,0,0,0
Travis Wear,Small Forward,82,0.7,38.8,36.4,82.4,68,8.1,4.0,2.1,-0.1,43.8,421007.5,0,0,0,0,1,0
Martell Webster,Small Forward,79,1.0,41.8,38.2,79.1,580,11.7,8.7,3.1,24.7,51.5,3785794.3,0,0,0,0,1,1
Sonny Weems,Shooting Guard,78,1.4,46.5,28.3,70.2,183,10.1,6.5,2.2,0.0,48.0,2966452.2,0,0,0,1,0,1
David West,Small Forward,81,2.2,49.5,26.5,81.7,1034,18.6,13.6,6.4,85.9,49.8,6076449.2,0,0,0,0,1,2
Russell Westbrook,Point Guard,75,8.4,43.4,30.8,80.1,821,23.7,23.0,7.0,96.9,46.5,21449326.5,0,1,0,0,0,3
Derrick White,Point Guard,76,3.2,47.9,36.1,76.2,84,14.9,8.5,3.3,4.1,52.8,1438907.0,0,1,0,0,0,0
Okaro White,Power Forward,80,0.5,38.1,34.0,88.0,44,7.6,2.7,2.2,0.8,45.7,616966.4,0,0,1,0,0,0
Isaiah Whitehead,Point Guard,76,2.4,41.1,30.5,78.8,89,7.9,7.2,2.4,-0.9,45.4,1234247.0,0,1,0,0,0,0
Hassan Whiteside,Center,84,0.6,57.4,22.2,59.3,343,24.1,13.4,11.4,36.8,57.5,12338035.0,1,0,0,0,0,3
Shayne Whittington,Power Forward,83,0.3,45.3,12.5,76.0,27,16.5,2.5,1.5,0.4,46.2,716714.6,0,0,1,0,0,0
Andrew Wiggins,Small Forward,80,2.2,44.0,33.2,73.5,400,14.5,19.4,4.3,13.0,47.3,6497474.9,0,0,0,0,1,2
Damien Wilkins,Shooting Guard,78,1.4,42.6,32.7,78.3,582,11.5,6.2,2.3,12.1,45.8,1041447.6,0,0,0,1,0,0
Alan Williams,Power Forward,80,0.6,50.6,0.0,62.6,67,19.2,6.2,5.5,2.5,50.6,2394238.1,0,0,1,0,0,1
Deron Williams,Point Guard,75,8.1,44.5,35.7,82.2,845,18.2,16.3,3.1,77.3,49.8,9195396.5,0,1,0,0,0,3
Derrick Williams,Power Forward,80,0.7,43.4,30.0,71.0,428,13.4,8.9,4.0,14.1,47.5,3771887.9,0,0,1,0,0,1
Elliot Williams,Point Guard,77,0.9,42.1,31.0,66.9,109,9.5,4.9,1.5,0.7,48.0,105629.6,0,1,0,0,0,0
Lou Williams,Shooting Guard,73,3.3,42.1,34.9,83.9,936,18.5,14.2,2.2,59.4,48.2,6664754.5,0,0,0,1,0,2
Marvin Williams,Power Forward,81,1.3,44.3,36.2,80.7,1014,13.7,10.5,5.3,62.7,50.0,9846467.7,0,0,1,0,0,3
Mo Williams,Point Guard,73,4.9,43.4,37.8,87.1,818,15.0,13.2,2.8,40.0,49.3,2840712.5,0,1,0,0,0,1
Shawne Williams,Small Forward,81,0.7,40.3,33.9,75.5,314,10.5,5.6,3.0,6.7,48.9,1302529.5,0,0,0,0,1,0
Troy Williams,Small Forward,79,0.7,44.9,29.9,64.9,72,11.0,6.0,2.7,1.3,50.7,661540.3,0,0,0,0,1,0
D.J. Wilson,Power Forward,82,0.8,42.3,36.4,55.1,70,10.3,4.3,3.3,1.8,51.3,2187187.9,0,0,1,0,0,1
Justise Winslow,Power Forward,79,2.7,41.9,34.3,64.4,230,10.5,8.9,5.3,7.8,46.7,2704581.5,0,0,1,0,0,1
Jeff Withey,Center,84,0.3,52.5,14.3,71.6,206,16.9,3.2,2.5,6.8,52.7,1137037.9,1,0,0,0,0,0
Christian Wood,Power Forward,82,0.3,49.2,31.0,70.7,51,18.9,5.3,2.9,1.4,52.6,619527.0,0,0,1,0,0,0
Metta World Peace,Small Forward,78,2.7,41.4,33.9,71.5,991,14.8,13.2,4.5,61.1,46.5,1641869.9,0,0,0,0,1,0
Brandan Wright,Center,82,0.5,60.7,0.0,67.4,428,20.3,7.0,3.6,26.2,60.7,4715395.4,1,0,0,0,0,2
Chris Wright,Small Forward,80,0.3,55.0,0.0,65.2,32,17.7,3.7,2.0,0.9,55.0,104624.9,0,0,0,0,1,0
Delon Wright,Point Guard,77,2.7,44.5,33.2,79.6,198,15.9,7.4,2.8,10.5,49.6,1644899.3,0,1,0,0,0,0
Dorell Wright,Small Forward,81,1.5,42.4,36.5,80.6,549,14.4,8.4,3.8,25.9,50.3,2197879.9,0,0,0,0,1,1
Tony Wroten,Shooting Guard,78,3.0,41.3,23.1,64.7,145,12.6,11.1,2.5,-1.3,44.3,1009276.5,0,0,0,1,0,0
Guerschon Yabusele,Power Forward,80,0.4,44.2,32.3,68.2,74,12.4,2.3,1.4,1.1,51.8,2302374.2,0,0,1,0,0,1
Joe Young,Point Guard,74,0.9,39.3,29.6,76.8,127,10.2,3.4,1.0,0.4,44.0,1222592.9,0,1,0,0,0,0
Nick Young,Shooting Guard,79,1.0,41.8,37.6,83.6,720,12.9,11.4,2.0,18.6,49.3,4606945.9,0,0,0,1,0,2
Thaddeus Young,Power Forward,80,1.7,50.1,32.9,67.3,901,16.4,13.4,6.0,59.7,52.1,12216797.2,0,0,1,0,0,3
Cody Zeller,Center,84,1.4,51.1,26.3,74.0,361,15.5,8.2,5.8,24.1,51.3,6268565.0,1,0,0,0,0,2
Tyler Zeller,Center,84,0.9,50.9,28.6,76.4,412,14.9,7.0,4.4,17.1,51.1,3292343.8,1,0,0,0,0,1
Paul Zipser,Small Forward,80,0.8,37.1,33.5,76.9,98,6.1,4.7,2.6,0.0,44.8,1064678.9,0,0,0,0,1,0
Ivica Zubac,Center,85,0.8,54.0,0.0,76.1,140,17.6,6.9,4.6,5.3,54.0,1213746.3,1,0,0,0,0,0
